source_id,source_document,source_sha256_prefix,extraction_run,table,page,religion,residence,sex,metric,value
plfs,sources/plfs/annual/plfs-annual-report-2023-24.pdf,ab4ead2cee181a13,plfs-table49-extract-v1.0.0-20260528T023117Z,49,401,hindu,rural,male,own_account_worker,46.9
plfs,sources/plfs/annual/plfs-annual-report-2023-24.pdf,ab4ead2cee181a13,plfs-table49-extract-v1.0.0-20260528T023117Z,49,401,hindu,rural,male,helper_in_household,12.9
plfs,sources/plfs/annual/plfs-annual-report-2023-24.pdf,ab4ead2cee181a13,plfs-table49-extract-v1.0.0-20260528T023117Z,49,401,hindu,rural,male,all_self_employed,59.8
plfs,sources/plfs/annual/plfs-annual-report-2023-24.pdf,ab4ead2cee181a13,plfs-table49-extract-v1.0.0-20260528T023117Z,49,401,hindu,rural,male,regular_wage_salary,15.8
plfs,sources/plfs/annual/plfs-annual-report-2023-24.pdf,ab4ead2cee181a13,plfs-table49-extract-v1.0.0-20260528T023117Z,49,401,hindu,rural,male,casual_labour,24.4
plfs,sources/plfs/annual/plfs-annual-report-2023-24.pdf,ab4ead2cee181a13,plfs-table49-extract-v1.0.0-20260528T023117Z,49,401,hindu,rural,female,own_account_worker,29.0
plfs,sources/plfs/annual/plfs-annual-report-2023-24.pdf,ab4ead2cee181a13,plfs-table49-extract-v1.0.0-20260528T023117Z,49,401,hindu,rural,female,helper_in_household,43.7
plfs,sources/plfs/annual/plfs-annual-report-2023-24.pdf,ab4ead2cee181a13,plfs-table49-extract-v1.0.0-20260528T023117Z,49,401,hindu,rural,female,all_self_employed,72.7
plfs,sources/plfs/annual/plfs-annual-report-2023-24.pdf,ab4ead2cee181a13,plfs-table49-extract-v1.0.0-20260528T023117Z,49,401,hindu,rural,female,regular_wage_salary,7.6
plfs,sources/plfs/annual/plfs-annual-report-2023-24.pdf,ab4ead2cee181a13,plfs-table49-extract-v1.0.0-20260528T023117Z,49,401,hindu,rural,female,casual_labour,19.7
plfs,sources/plfs/annual/plfs-annual-report-2023-24.pdf,ab4ead2cee181a13,plfs-table49-extract-v1.0.0-20260528T023117Z,49,401,hindu,rural,person,own_account_worker,40.0
plfs,sources/plfs/annual/plfs-annual-report-2023-24.pdf,ab4ead2cee181a13,plfs-table49-extract-v1.0.0-20260528T023117Z,49,401,hindu,rural,person,helper_in_household,24.8
plfs,sources/plfs/annual/plfs-annual-report-2023-24.pdf,ab4ead2cee181a13,plfs-table49-extract-v1.0.0-20260528T023117Z,49,401,hindu,rural,person,all_self_employed,64.8
plfs,sources/plfs/annual/plfs-annual-report-2023-24.pdf,ab4ead2cee181a13,plfs-table49-extract-v1.0.0-20260528T023117Z,49,401,hindu,rural,person,regular_wage_salary,12.7
plfs,sources/plfs/annual/plfs-annual-report-2023-24.pdf,ab4ead2cee181a13,plfs-table49-extract-v1.0.0-20260528T023117Z,49,401,hindu,rural,person,casual_labour,22.6
plfs,sources/plfs/annual/plfs-annual-report-2023-24.pdf,ab4ead2cee181a13,plfs-table49-extract-v1.0.0-20260528T023117Z,49,401,hindu,urban,male,own_account_worker,33.9
plfs,sources/plfs/annual/plfs-annual-report-2023-24.pdf,ab4ead2cee181a13,plfs-table49-extract-v1.0.0-20260528T023117Z,49,401,hindu,urban,male,helper_in_household,4.5
plfs,sources/plfs/annual/plfs-annual-report-2023-24.pdf,ab4ead2cee181a13,plfs-table49-extract-v1.0.0-20260528T023117Z,49,401,hindu,urban,male,all_self_employed,38.4
plfs,sources/plfs/annual/plfs-annual-report-2023-24.pdf,ab4ead2cee181a13,plfs-table49-extract-v1.0.0-20260528T023117Z,49,401,hindu,urban,male,regular_wage_salary,49.4
plfs,sources/plfs/annual/plfs-annual-report-2023-24.pdf,ab4ead2cee181a13,plfs-table49-extract-v1.0.0-20260528T023117Z,49,401,hindu,urban,male,casual_labour,12.3
plfs,sources/plfs/annual/plfs-annual-report-2023-24.pdf,ab4ead2cee181a13,plfs-table49-extract-v1.0.0-20260528T023117Z,49,401,hindu,urban,female,own_account_worker,26.0
plfs,sources/plfs/annual/plfs-annual-report-2023-24.pdf,ab4ead2cee181a13,plfs-table49-extract-v1.0.0-20260528T023117Z,49,401,hindu,urban,female,helper_in_household,13.8
plfs,sources/plfs/annual/plfs-annual-report-2023-24.pdf,ab4ead2cee181a13,plfs-table49-extract-v1.0.0-20260528T023117Z,49,401,hindu,urban,female,all_self_employed,39.9
plfs,sources/plfs/annual/plfs-annual-report-2023-24.pdf,ab4ead2cee181a13,plfs-table49-extract-v1.0.0-20260528T023117Z,49,401,hindu,urban,female,regular_wage_salary,51.6
plfs,sources/plfs/annual/plfs-annual-report-2023-24.pdf,ab4ead2cee181a13,plfs-table49-extract-v1.0.0-20260528T023117Z,49,401,hindu,urban,female,casual_labour,8.6
plfs,sources/plfs/annual/plfs-annual-report-2023-24.pdf,ab4ead2cee181a13,plfs-table49-extract-v1.0.0-20260528T023117Z,49,401,hindu,urban,person,own_account_worker,31.8
plfs,sources/plfs/annual/plfs-annual-report-2023-24.pdf,ab4ead2cee181a13,plfs-table49-extract-v1.0.0-20260528T023117Z,49,401,hindu,urban,person,helper_in_household,7.0
plfs,sources/plfs/annual/plfs-annual-report-2023-24.pdf,ab4ead2cee181a13,plfs-table49-extract-v1.0.0-20260528T023117Z,49,401,hindu,urban,person,all_self_employed,38.8
plfs,sources/plfs/annual/plfs-annual-report-2023-24.pdf,ab4ead2cee181a13,plfs-table49-extract-v1.0.0-20260528T023117Z,49,401,hindu,urban,person,regular_wage_salary,50.0
plfs,sources/plfs/annual/plfs-annual-report-2023-24.pdf,ab4ead2cee181a13,plfs-table49-extract-v1.0.0-20260528T023117Z,49,401,hindu,urban,person,casual_labour,11.3
plfs,sources/plfs/annual/plfs-annual-report-2023-24.pdf,ab4ead2cee181a13,plfs-table49-extract-v1.0.0-20260528T023117Z,49,401,hindu,total,male,own_account_worker,43.2
plfs,sources/plfs/annual/plfs-annual-report-2023-24.pdf,ab4ead2cee181a13,plfs-table49-extract-v1.0.0-20260528T023117Z,49,401,hindu,total,male,helper_in_household,10.5
plfs,sources/plfs/annual/plfs-annual-report-2023-24.pdf,ab4ead2cee181a13,plfs-table49-extract-v1.0.0-20260528T023117Z,49,401,hindu,total,male,all_self_employed,53.7
plfs,sources/plfs/annual/plfs-annual-report-2023-24.pdf,ab4ead2cee181a13,plfs-table49-extract-v1.0.0-20260528T023117Z,49,401,hindu,total,male,regular_wage_salary,25.3
plfs,sources/plfs/annual/plfs-annual-report-2023-24.pdf,ab4ead2cee181a13,plfs-table49-extract-v1.0.0-20260528T023117Z,49,401,hindu,total,male,casual_labour,21.0
plfs,sources/plfs/annual/plfs-annual-report-2023-24.pdf,ab4ead2cee181a13,plfs-table49-extract-v1.0.0-20260528T023117Z,49,401,hindu,total,female,own_account_worker,28.5
plfs,sources/plfs/annual/plfs-annual-report-2023-24.pdf,ab4ead2cee181a13,plfs-table49-extract-v1.0.0-20260528T023117Z,49,401,hindu,total,female,helper_in_household,38.1
plfs,sources/plfs/annual/plfs-annual-report-2023-24.pdf,ab4ead2cee181a13,plfs-table49-extract-v1.0.0-20260528T023117Z,49,401,hindu,total,female,all_self_employed,66.5
plfs,sources/plfs/annual/plfs-annual-report-2023-24.pdf,ab4ead2cee181a13,plfs-table49-extract-v1.0.0-20260528T023117Z,49,401,hindu,total,female,regular_wage_salary,15.8
plfs,sources/plfs/annual/plfs-annual-report-2023-24.pdf,ab4ead2cee181a13,plfs-table49-extract-v1.0.0-20260528T023117Z,49,401,hindu,total,female,casual_labour,17.6
plfs,sources/plfs/annual/plfs-annual-report-2023-24.pdf,ab4ead2cee181a13,plfs-table49-extract-v1.0.0-20260528T023117Z,49,401,hindu,total,person,own_account_worker,37.9
plfs,sources/plfs/annual/plfs-annual-report-2023-24.pdf,ab4ead2cee181a13,plfs-table49-extract-v1.0.0-20260528T023117Z,49,401,hindu,total,person,helper_in_household,20.4
plfs,sources/plfs/annual/plfs-annual-report-2023-24.pdf,ab4ead2cee181a13,plfs-table49-extract-v1.0.0-20260528T023117Z,49,401,hindu,total,person,all_self_employed,58.3
plfs,sources/plfs/annual/plfs-annual-report-2023-24.pdf,ab4ead2cee181a13,plfs-table49-extract-v1.0.0-20260528T023117Z,49,401,hindu,total,person,regular_wage_salary,21.9
plfs,sources/plfs/annual/plfs-annual-report-2023-24.pdf,ab4ead2cee181a13,plfs-table49-extract-v1.0.0-20260528T023117Z,49,401,hindu,total,person,casual_labour,19.8
plfs,sources/plfs/annual/plfs-annual-report-2023-24.pdf,ab4ead2cee181a13,plfs-table49-extract-v1.0.0-20260528T023117Z,49,401,muslim,rural,male,own_account_worker,49.3
plfs,sources/plfs/annual/plfs-annual-report-2023-24.pdf,ab4ead2cee181a13,plfs-table49-extract-v1.0.0-20260528T023117Z,49,401,muslim,rural,male,helper_in_household,9.7
plfs,sources/plfs/annual/plfs-annual-report-2023-24.pdf,ab4ead2cee181a13,plfs-table49-extract-v1.0.0-20260528T023117Z,49,401,muslim,rural,male,all_self_employed,59.0
plfs,sources/plfs/annual/plfs-annual-report-2023-24.pdf,ab4ead2cee181a13,plfs-table49-extract-v1.0.0-20260528T023117Z,49,401,muslim,rural,male,regular_wage_salary,13.5
plfs,sources/plfs/annual/plfs-annual-report-2023-24.pdf,ab4ead2cee181a13,plfs-table49-extract-v1.0.0-20260528T023117Z,49,401,muslim,rural,male,casual_labour,27.5
plfs,sources/plfs/annual/plfs-annual-report-2023-24.pdf,ab4ead2cee181a13,plfs-table49-extract-v1.0.0-20260528T023117Z,49,401,muslim,rural,female,own_account_worker,50.4
plfs,sources/plfs/annual/plfs-annual-report-2023-24.pdf,ab4ead2cee181a13,plfs-table49-extract-v1.0.0-20260528T023117Z,49,401,muslim,rural,female,helper_in_household,36.4
plfs,sources/plfs/annual/plfs-annual-report-2023-24.pdf,ab4ead2cee181a13,plfs-table49-extract-v1.0.0-20260528T023117Z,49,401,muslim,rural,female,all_self_employed,86.8
plfs,sources/plfs/annual/plfs-annual-report-2023-24.pdf,ab4ead2cee181a13,plfs-table49-extract-v1.0.0-20260528T023117Z,49,401,muslim,rural,female,regular_wage_salary,5.6
plfs,sources/plfs/annual/plfs-annual-report-2023-24.pdf,ab4ead2cee181a13,plfs-table49-extract-v1.0.0-20260528T023117Z,49,401,muslim,rural,female,casual_labour,7.6
plfs,sources/plfs/annual/plfs-annual-report-2023-24.pdf,ab4ead2cee181a13,plfs-table49-extract-v1.0.0-20260528T023117Z,49,401,muslim,rural,person,own_account_worker,49.6
plfs,sources/plfs/annual/plfs-annual-report-2023-24.pdf,ab4ead2cee181a13,plfs-table49-extract-v1.0.0-20260528T023117Z,49,401,muslim,rural,person,helper_in_household,18.2
plfs,sources/plfs/annual/plfs-annual-report-2023-24.pdf,ab4ead2cee181a13,plfs-table49-extract-v1.0.0-20260528T023117Z,49,401,muslim,rural,person,all_self_employed,67.9
plfs,sources/plfs/annual/plfs-annual-report-2023-24.pdf,ab4ead2cee181a13,plfs-table49-extract-v1.0.0-20260528T023117Z,49,401,muslim,rural,person,regular_wage_salary,11.0
plfs,sources/plfs/annual/plfs-annual-report-2023-24.pdf,ab4ead2cee181a13,plfs-table49-extract-v1.0.0-20260528T023117Z,49,401,muslim,rural,person,casual_labour,21.1
plfs,sources/plfs/annual/plfs-annual-report-2023-24.pdf,ab4ead2cee181a13,plfs-table49-extract-v1.0.0-20260528T023117Z,49,401,muslim,urban,male,own_account_worker,41.6
plfs,sources/plfs/annual/plfs-annual-report-2023-24.pdf,ab4ead2cee181a13,plfs-table49-extract-v1.0.0-20260528T023117Z,49,401,muslim,urban,male,helper_in_household,5.7
plfs,sources/plfs/annual/plfs-annual-report-2023-24.pdf,ab4ead2cee181a13,plfs-table49-extract-v1.0.0-20260528T023117Z,49,401,muslim,urban,male,all_self_employed,47.3
plfs,sources/plfs/annual/plfs-annual-report-2023-24.pdf,ab4ead2cee181a13,plfs-table49-extract-v1.0.0-20260528T023117Z,49,401,muslim,urban,male,regular_wage_salary,33.6
plfs,sources/plfs/annual/plfs-annual-report-2023-24.pdf,ab4ead2cee181a13,plfs-table49-extract-v1.0.0-20260528T023117Z,49,401,muslim,urban,male,casual_labour,19.1
plfs,sources/plfs/annual/plfs-annual-report-2023-24.pdf,ab4ead2cee181a13,plfs-table49-extract-v1.0.0-20260528T023117Z,49,401,muslim,urban,female,own_account_worker,47.4
plfs,sources/plfs/annual/plfs-annual-report-2023-24.pdf,ab4ead2cee181a13,plfs-table49-extract-v1.0.0-20260528T023117Z,49,401,muslim,urban,female,helper_in_household,16.3
plfs,sources/plfs/annual/plfs-annual-report-2023-24.pdf,ab4ead2cee181a13,plfs-table49-extract-v1.0.0-20260528T023117Z,49,401,muslim,urban,female,all_self_employed,63.7
plfs,sources/plfs/annual/plfs-annual-report-2023-24.pdf,ab4ead2cee181a13,plfs-table49-extract-v1.0.0-20260528T023117Z,49,401,muslim,urban,female,regular_wage_salary,29.1
plfs,sources/plfs/annual/plfs-annual-report-2023-24.pdf,ab4ead2cee181a13,plfs-table49-extract-v1.0.0-20260528T023117Z,49,401,muslim,urban,female,casual_labour,7.2
plfs,sources/plfs/annual/plfs-annual-report-2023-24.pdf,ab4ead2cee181a13,plfs-table49-extract-v1.0.0-20260528T023117Z,49,401,muslim,urban,person,own_account_worker,42.7
plfs,sources/plfs/annual/plfs-annual-report-2023-24.pdf,ab4ead2cee181a13,plfs-table49-extract-v1.0.0-20260528T023117Z,49,401,muslim,urban,person,helper_in_household,7.7
plfs,sources/plfs/annual/plfs-annual-report-2023-24.pdf,ab4ead2cee181a13,plfs-table49-extract-v1.0.0-20260528T023117Z,49,401,muslim,urban,person,all_self_employed,50.5
plfs,sources/plfs/annual/plfs-annual-report-2023-24.pdf,ab4ead2cee181a13,plfs-table49-extract-v1.0.0-20260528T023117Z,49,401,muslim,urban,person,regular_wage_salary,32.7
plfs,sources/plfs/annual/plfs-annual-report-2023-24.pdf,ab4ead2cee181a13,plfs-table49-extract-v1.0.0-20260528T023117Z,49,401,muslim,urban,person,casual_labour,16.8
plfs,sources/plfs/annual/plfs-annual-report-2023-24.pdf,ab4ead2cee181a13,plfs-table49-extract-v1.0.0-20260528T023117Z,49,401,muslim,total,male,own_account_worker,46.5
plfs,sources/plfs/annual/plfs-annual-report-2023-24.pdf,ab4ead2cee181a13,plfs-table49-extract-v1.0.0-20260528T023117Z,49,401,muslim,total,male,helper_in_household,8.3
plfs,sources/plfs/annual/plfs-annual-report-2023-24.pdf,ab4ead2cee181a13,plfs-table49-extract-v1.0.0-20260528T023117Z,49,401,muslim,total,male,all_self_employed,54.7
plfs,sources/plfs/annual/plfs-annual-report-2023-24.pdf,ab4ead2cee181a13,plfs-table49-extract-v1.0.0-20260528T023117Z,49,401,muslim,total,male,regular_wage_salary,20.8
plfs,sources/plfs/annual/plfs-annual-report-2023-24.pdf,ab4ead2cee181a13,plfs-table49-extract-v1.0.0-20260528T023117Z,49,401,muslim,total,male,casual_labour,24.4
plfs,sources/plfs/annual/plfs-annual-report-2023-24.pdf,ab4ead2cee181a13,plfs-table49-extract-v1.0.0-20260528T023117Z,49,401,muslim,total,female,own_account_worker,49.8
plfs,sources/plfs/annual/plfs-annual-report-2023-24.pdf,ab4ead2cee181a13,plfs-table49-extract-v1.0.0-20260528T023117Z,49,401,muslim,total,female,helper_in_household,31.9
plfs,sources/plfs/annual/plfs-annual-report-2023-24.pdf,ab4ead2cee181a13,plfs-table49-extract-v1.0.0-20260528T023117Z,49,401,muslim,total,female,all_self_employed,81.6
plfs,sources/plfs/annual/plfs-annual-report-2023-24.pdf,ab4ead2cee181a13,plfs-table49-extract-v1.0.0-20260528T023117Z,49,401,muslim,total,female,regular_wage_salary,10.9
plfs,sources/plfs/annual/plfs-annual-report-2023-24.pdf,ab4ead2cee181a13,plfs-table49-extract-v1.0.0-20260528T023117Z,49,401,muslim,total,female,casual_labour,7.5
plfs,sources/plfs/annual/plfs-annual-report-2023-24.pdf,ab4ead2cee181a13,plfs-table49-extract-v1.0.0-20260528T023117Z,49,401,muslim,total,person,own_account_worker,47.4
plfs,sources/plfs/annual/plfs-annual-report-2023-24.pdf,ab4ead2cee181a13,plfs-table49-extract-v1.0.0-20260528T023117Z,49,401,muslim,total,person,helper_in_household,14.8
plfs,sources/plfs/annual/plfs-annual-report-2023-24.pdf,ab4ead2cee181a13,plfs-table49-extract-v1.0.0-20260528T023117Z,49,401,muslim,total,person,all_self_employed,62.2
plfs,sources/plfs/annual/plfs-annual-report-2023-24.pdf,ab4ead2cee181a13,plfs-table49-extract-v1.0.0-20260528T023117Z,49,401,muslim,total,person,regular_wage_salary,18.0
plfs,sources/plfs/annual/plfs-annual-report-2023-24.pdf,ab4ead2cee181a13,plfs-table49-extract-v1.0.0-20260528T023117Z,49,401,muslim,total,person,casual_labour,19.7
plfs,sources/plfs/annual/plfs-annual-report-2023-24.pdf,ab4ead2cee181a13,plfs-table49-extract-v1.0.0-20260528T023117Z,49,401,christian,rural,male,own_account_worker,46.8
plfs,sources/plfs/annual/plfs-annual-report-2023-24.pdf,ab4ead2cee181a13,plfs-table49-extract-v1.0.0-20260528T023117Z,49,401,christian,rural,male,helper_in_household,10.5
plfs,sources/plfs/annual/plfs-annual-report-2023-24.pdf,ab4ead2cee181a13,plfs-table49-extract-v1.0.0-20260528T023117Z,49,401,christian,rural,male,all_self_employed,57.3
plfs,sources/plfs/annual/plfs-annual-report-2023-24.pdf,ab4ead2cee181a13,plfs-table49-extract-v1.0.0-20260528T023117Z,49,401,christian,rural,male,regular_wage_salary,17.7
plfs,sources/plfs/annual/plfs-annual-report-2023-24.pdf,ab4ead2cee181a13,plfs-table49-extract-v1.0.0-20260528T023117Z,49,401,christian,rural,male,casual_labour,25.0
plfs,sources/plfs/annual/plfs-annual-report-2023-24.pdf,ab4ead2cee181a13,plfs-table49-extract-v1.0.0-20260528T023117Z,49,401,christian,rural,female,own_account_worker,34.1
plfs,sources/plfs/annual/plfs-annual-report-2023-24.pdf,ab4ead2cee181a13,plfs-table49-extract-v1.0.0-20260528T023117Z,49,401,christian,rural,female,helper_in_household,32.8
plfs,sources/plfs/annual/plfs-annual-report-2023-24.pdf,ab4ead2cee181a13,plfs-table49-extract-v1.0.0-20260528T023117Z,49,401,christian,rural,female,all_self_employed,66.8
plfs,sources/plfs/annual/plfs-annual-report-2023-24.pdf,ab4ead2cee181a13,plfs-table49-extract-v1.0.0-20260528T023117Z,49,401,christian,rural,female,regular_wage_salary,15.7
plfs,sources/plfs/annual/plfs-annual-report-2023-24.pdf,ab4ead2cee181a13,plfs-table49-extract-v1.0.0-20260528T023117Z,49,401,christian,rural,female,casual_labour,17.5
plfs,sources/plfs/annual/plfs-annual-report-2023-24.pdf,ab4ead2cee181a13,plfs-table49-extract-v1.0.0-20260528T023117Z,49,401,christian,rural,person,own_account_worker,41.3
plfs,sources/plfs/annual/plfs-annual-report-2023-24.pdf,ab4ead2cee181a13,plfs-table49-extract-v1.0.0-20260528T023117Z,49,401,christian,rural,person,helper_in_household,20.1
plfs,sources/plfs/annual/plfs-annual-report-2023-24.pdf,ab4ead2cee181a13,plfs-table49-extract-v1.0.0-20260528T023117Z,49,401,christian,rural,person,all_self_employed,61.4
plfs,sources/plfs/annual/plfs-annual-report-2023-24.pdf,ab4ead2cee181a13,plfs-table49-extract-v1.0.0-20260528T023117Z,49,401,christian,rural,person,regular_wage_salary,16.8
plfs,sources/plfs/annual/plfs-annual-report-2023-24.pdf,ab4ead2cee181a13,plfs-table49-extract-v1.0.0-20260528T023117Z,49,401,christian,rural,person,casual_labour,21.8
plfs,sources/plfs/annual/plfs-annual-report-2023-24.pdf,ab4ead2cee181a13,plfs-table49-extract-v1.0.0-20260528T023117Z,49,401,christian,urban,male,own_account_worker,31.3
plfs,sources/plfs/annual/plfs-annual-report-2023-24.pdf,ab4ead2cee181a13,plfs-table49-extract-v1.0.0-20260528T023117Z,49,401,christian,urban,male,helper_in_household,1.2
plfs,sources/plfs/annual/plfs-annual-report-2023-24.pdf,ab4ead2cee181a13,plfs-table49-extract-v1.0.0-20260528T023117Z,49,401,christian,urban,male,all_self_employed,32.5
plfs,sources/plfs/annual/plfs-annual-report-2023-24.pdf,ab4ead2cee181a13,plfs-table49-extract-v1.0.0-20260528T023117Z,49,401,christian,urban,male,regular_wage_salary,50.8
plfs,sources/plfs/annual/plfs-annual-report-2023-24.pdf,ab4ead2cee181a13,plfs-table49-extract-v1.0.0-20260528T023117Z,49,401,christian,urban,male,casual_labour,16.7
plfs,sources/plfs/annual/plfs-annual-report-2023-24.pdf,ab4ead2cee181a13,plfs-table49-extract-v1.0.0-20260528T023117Z,49,401,christian,urban,female,own_account_worker,28.4
plfs,sources/plfs/annual/plfs-annual-report-2023-24.pdf,ab4ead2cee181a13,plfs-table49-extract-v1.0.0-20260528T023117Z,49,401,christian,urban,female,helper_in_household,8.3
plfs,sources/plfs/annual/plfs-annual-report-2023-24.pdf,ab4ead2cee181a13,plfs-table49-extract-v1.0.0-20260528T023117Z,49,401,christian,urban,female,all_self_employed,36.8
plfs,sources/plfs/annual/plfs-annual-report-2023-24.pdf,ab4ead2cee181a13,plfs-table49-extract-v1.0.0-20260528T023117Z,49,401,christian,urban,female,regular_wage_salary,55.4
plfs,sources/plfs/annual/plfs-annual-report-2023-24.pdf,ab4ead2cee181a13,plfs-table49-extract-v1.0.0-20260528T023117Z,49,401,christian,urban,female,casual_labour,7.9
plfs,sources/plfs/annual/plfs-annual-report-2023-24.pdf,ab4ead2cee181a13,plfs-table49-extract-v1.0.0-20260528T023117Z,49,401,christian,urban,person,own_account_worker,30.3
plfs,sources/plfs/annual/plfs-annual-report-2023-24.pdf,ab4ead2cee181a13,plfs-table49-extract-v1.0.0-20260528T023117Z,49,401,christian,urban,person,helper_in_household,3.8
plfs,sources/plfs/annual/plfs-annual-report-2023-24.pdf,ab4ead2cee181a13,plfs-table49-extract-v1.0.0-20260528T023117Z,49,401,christian,urban,person,all_self_employed,34.1
plfs,sources/plfs/annual/plfs-annual-report-2023-24.pdf,ab4ead2cee181a13,plfs-table49-extract-v1.0.0-20260528T023117Z,49,401,christian,urban,person,regular_wage_salary,52.4
plfs,sources/plfs/annual/plfs-annual-report-2023-24.pdf,ab4ead2cee181a13,plfs-table49-extract-v1.0.0-20260528T023117Z,49,401,christian,urban,person,casual_labour,13.5
plfs,sources/plfs/annual/plfs-annual-report-2023-24.pdf,ab4ead2cee181a13,plfs-table49-extract-v1.0.0-20260528T023117Z,49,401,christian,total,male,own_account_worker,41.7
plfs,sources/plfs/annual/plfs-annual-report-2023-24.pdf,ab4ead2cee181a13,plfs-table49-extract-v1.0.0-20260528T023117Z,49,401,christian,total,male,helper_in_household,7.5
plfs,sources/plfs/annual/plfs-annual-report-2023-24.pdf,ab4ead2cee181a13,plfs-table49-extract-v1.0.0-20260528T023117Z,49,401,christian,total,male,all_self_employed,49.2
plfs,sources/plfs/annual/plfs-annual-report-2023-24.pdf,ab4ead2cee181a13,plfs-table49-extract-v1.0.0-20260528T023117Z,49,401,christian,total,male,regular_wage_salary,28.4
plfs,sources/plfs/annual/plfs-annual-report-2023-24.pdf,ab4ead2cee181a13,plfs-table49-extract-v1.0.0-20260528T023117Z,49,401,christian,total,male,casual_labour,22.3
plfs,sources/plfs/annual/plfs-annual-report-2023-24.pdf,ab4ead2cee181a13,plfs-table49-extract-v1.0.0-20260528T023117Z,49,401,christian,total,female,own_account_worker,32.6
plfs,sources/plfs/annual/plfs-annual-report-2023-24.pdf,ab4ead2cee181a13,plfs-table49-extract-v1.0.0-20260528T023117Z,49,401,christian,total,female,helper_in_household,26.2
plfs,sources/plfs/annual/plfs-annual-report-2023-24.pdf,ab4ead2cee181a13,plfs-table49-extract-v1.0.0-20260528T023117Z,49,401,christian,total,female,all_self_employed,58.8
plfs,sources/plfs/annual/plfs-annual-report-2023-24.pdf,ab4ead2cee181a13,plfs-table49-extract-v1.0.0-20260528T023117Z,49,401,christian,total,female,regular_wage_salary,26.3
plfs,sources/plfs/annual/plfs-annual-report-2023-24.pdf,ab4ead2cee181a13,plfs-table49-extract-v1.0.0-20260528T023117Z,49,401,christian,total,female,casual_labour,14.9
plfs,sources/plfs/annual/plfs-annual-report-2023-24.pdf,ab4ead2cee181a13,plfs-table49-extract-v1.0.0-20260528T023117Z,49,401,christian,total,person,own_account_worker,38.0
plfs,sources/plfs/annual/plfs-annual-report-2023-24.pdf,ab4ead2cee181a13,plfs-table49-extract-v1.0.0-20260528T023117Z,49,401,christian,total,person,helper_in_household,15.2
plfs,sources/plfs/annual/plfs-annual-report-2023-24.pdf,ab4ead2cee181a13,plfs-table49-extract-v1.0.0-20260528T023117Z,49,401,christian,total,person,all_self_employed,53.2
plfs,sources/plfs/annual/plfs-annual-report-2023-24.pdf,ab4ead2cee181a13,plfs-table49-extract-v1.0.0-20260528T023117Z,49,401,christian,total,person,regular_wage_salary,27.6
plfs,sources/plfs/annual/plfs-annual-report-2023-24.pdf,ab4ead2cee181a13,plfs-table49-extract-v1.0.0-20260528T023117Z,49,401,christian,total,person,casual_labour,19.3
plfs,sources/plfs/annual/plfs-annual-report-2023-24.pdf,ab4ead2cee181a13,plfs-table49-extract-v1.0.0-20260528T023117Z,49,402,sikh,rural,male,own_account_worker,39.7
plfs,sources/plfs/annual/plfs-annual-report-2023-24.pdf,ab4ead2cee181a13,plfs-table49-extract-v1.0.0-20260528T023117Z,49,402,sikh,rural,male,helper_in_household,10.4
plfs,sources/plfs/annual/plfs-annual-report-2023-24.pdf,ab4ead2cee181a13,plfs-table49-extract-v1.0.0-20260528T023117Z,49,402,sikh,rural,male,all_self_employed,50.1
plfs,sources/plfs/annual/plfs-annual-report-2023-24.pdf,ab4ead2cee181a13,plfs-table49-extract-v1.0.0-20260528T023117Z,49,402,sikh,rural,male,regular_wage_salary,21.8
plfs,sources/plfs/annual/plfs-annual-report-2023-24.pdf,ab4ead2cee181a13,plfs-table49-extract-v1.0.0-20260528T023117Z,49,402,sikh,rural,male,casual_labour,28.1
plfs,sources/plfs/annual/plfs-annual-report-2023-24.pdf,ab4ead2cee181a13,plfs-table49-extract-v1.0.0-20260528T023117Z,49,402,sikh,rural,female,own_account_worker,44.2
plfs,sources/plfs/annual/plfs-annual-report-2023-24.pdf,ab4ead2cee181a13,plfs-table49-extract-v1.0.0-20260528T023117Z,49,402,sikh,rural,female,helper_in_household,13.9
plfs,sources/plfs/annual/plfs-annual-report-2023-24.pdf,ab4ead2cee181a13,plfs-table49-extract-v1.0.0-20260528T023117Z,49,402,sikh,rural,female,all_self_employed,58.1
plfs,sources/plfs/annual/plfs-annual-report-2023-24.pdf,ab4ead2cee181a13,plfs-table49-extract-v1.0.0-20260528T023117Z,49,402,sikh,rural,female,regular_wage_salary,20.4
plfs,sources/plfs/annual/plfs-annual-report-2023-24.pdf,ab4ead2cee181a13,plfs-table49-extract-v1.0.0-20260528T023117Z,49,402,sikh,rural,female,casual_labour,21.5
plfs,sources/plfs/annual/plfs-annual-report-2023-24.pdf,ab4ead2cee181a13,plfs-table49-extract-v1.0.0-20260528T023117Z,49,402,sikh,rural,person,own_account_worker,41.0
plfs,sources/plfs/annual/plfs-annual-report-2023-24.pdf,ab4ead2cee181a13,plfs-table49-extract-v1.0.0-20260528T023117Z,49,402,sikh,rural,person,helper_in_household,11.5
plfs,sources/plfs/annual/plfs-annual-report-2023-24.pdf,ab4ead2cee181a13,plfs-table49-extract-v1.0.0-20260528T023117Z,49,402,sikh,rural,person,all_self_employed,52.5
plfs,sources/plfs/annual/plfs-annual-report-2023-24.pdf,ab4ead2cee181a13,plfs-table49-extract-v1.0.0-20260528T023117Z,49,402,sikh,rural,person,regular_wage_salary,21.4
plfs,sources/plfs/annual/plfs-annual-report-2023-24.pdf,ab4ead2cee181a13,plfs-table49-extract-v1.0.0-20260528T023117Z,49,402,sikh,rural,person,casual_labour,26.1
plfs,sources/plfs/annual/plfs-annual-report-2023-24.pdf,ab4ead2cee181a13,plfs-table49-extract-v1.0.0-20260528T023117Z,49,402,sikh,urban,male,own_account_worker,38.8
plfs,sources/plfs/annual/plfs-annual-report-2023-24.pdf,ab4ead2cee181a13,plfs-table49-extract-v1.0.0-20260528T023117Z,49,402,sikh,urban,male,helper_in_household,8.7
plfs,sources/plfs/annual/plfs-annual-report-2023-24.pdf,ab4ead2cee181a13,plfs-table49-extract-v1.0.0-20260528T023117Z,49,402,sikh,urban,male,all_self_employed,47.5
plfs,sources/plfs/annual/plfs-annual-report-2023-24.pdf,ab4ead2cee181a13,plfs-table49-extract-v1.0.0-20260528T023117Z,49,402,sikh,urban,male,regular_wage_salary,42.3
plfs,sources/plfs/annual/plfs-annual-report-2023-24.pdf,ab4ead2cee181a13,plfs-table49-extract-v1.0.0-20260528T023117Z,49,402,sikh,urban,male,casual_labour,10.2
plfs,sources/plfs/annual/plfs-annual-report-2023-24.pdf,ab4ead2cee181a13,plfs-table49-extract-v1.0.0-20260528T023117Z,49,402,sikh,urban,female,own_account_worker,31.9
plfs,sources/plfs/annual/plfs-annual-report-2023-24.pdf,ab4ead2cee181a13,plfs-table49-extract-v1.0.0-20260528T023117Z,49,402,sikh,urban,female,helper_in_household,9.4
plfs,sources/plfs/annual/plfs-annual-report-2023-24.pdf,ab4ead2cee181a13,plfs-table49-extract-v1.0.0-20260528T023117Z,49,402,sikh,urban,female,all_self_employed,41.3
plfs,sources/plfs/annual/plfs-annual-report-2023-24.pdf,ab4ead2cee181a13,plfs-table49-extract-v1.0.0-20260528T023117Z,49,402,sikh,urban,female,regular_wage_salary,56.9
plfs,sources/plfs/annual/plfs-annual-report-2023-24.pdf,ab4ead2cee181a13,plfs-table49-extract-v1.0.0-20260528T023117Z,49,402,sikh,urban,female,casual_labour,1.8
plfs,sources/plfs/annual/plfs-annual-report-2023-24.pdf,ab4ead2cee181a13,plfs-table49-extract-v1.0.0-20260528T023117Z,49,402,sikh,urban,person,own_account_worker,37.2
plfs,sources/plfs/annual/plfs-annual-report-2023-24.pdf,ab4ead2cee181a13,plfs-table49-extract-v1.0.0-20260528T023117Z,49,402,sikh,urban,person,helper_in_household,8.9
plfs,sources/plfs/annual/plfs-annual-report-2023-24.pdf,ab4ead2cee181a13,plfs-table49-extract-v1.0.0-20260528T023117Z,49,402,sikh,urban,person,all_self_employed,46.1
plfs,sources/plfs/annual/plfs-annual-report-2023-24.pdf,ab4ead2cee181a13,plfs-table49-extract-v1.0.0-20260528T023117Z,49,402,sikh,urban,person,regular_wage_salary,45.7
plfs,sources/plfs/annual/plfs-annual-report-2023-24.pdf,ab4ead2cee181a13,plfs-table49-extract-v1.0.0-20260528T023117Z,49,402,sikh,urban,person,casual_labour,8.2
plfs,sources/plfs/annual/plfs-annual-report-2023-24.pdf,ab4ead2cee181a13,plfs-table49-extract-v1.0.0-20260528T023117Z,49,402,sikh,total,male,own_account_worker,39.5
plfs,sources/plfs/annual/plfs-annual-report-2023-24.pdf,ab4ead2cee181a13,plfs-table49-extract-v1.0.0-20260528T023117Z,49,402,sikh,total,male,helper_in_household,10.0
plfs,sources/plfs/annual/plfs-annual-report-2023-24.pdf,ab4ead2cee181a13,plfs-table49-extract-v1.0.0-20260528T023117Z,49,402,sikh,total,male,all_self_employed,49.5
plfs,sources/plfs/annual/plfs-annual-report-2023-24.pdf,ab4ead2cee181a13,plfs-table49-extract-v1.0.0-20260528T023117Z,49,402,sikh,total,male,regular_wage_salary,26.7
plfs,sources/plfs/annual/plfs-annual-report-2023-24.pdf,ab4ead2cee181a13,plfs-table49-extract-v1.0.0-20260528T023117Z,49,402,sikh,total,male,casual_labour,23.9
plfs,sources/plfs/annual/plfs-annual-report-2023-24.pdf,ab4ead2cee181a13,plfs-table49-extract-v1.0.0-20260528T023117Z,49,402,sikh,total,female,own_account_worker,42.0
plfs,sources/plfs/annual/plfs-annual-report-2023-24.pdf,ab4ead2cee181a13,plfs-table49-extract-v1.0.0-20260528T023117Z,49,402,sikh,total,female,helper_in_household,13.1
plfs,sources/plfs/annual/plfs-annual-report-2023-24.pdf,ab4ead2cee181a13,plfs-table49-extract-v1.0.0-20260528T023117Z,49,402,sikh,total,female,all_self_employed,55.1
plfs,sources/plfs/annual/plfs-annual-report-2023-24.pdf,ab4ead2cee181a13,plfs-table49-extract-v1.0.0-20260528T023117Z,49,402,sikh,total,female,regular_wage_salary,26.9
plfs,sources/plfs/annual/plfs-annual-report-2023-24.pdf,ab4ead2cee181a13,plfs-table49-extract-v1.0.0-20260528T023117Z,49,402,sikh,total,female,casual_labour,18.0
plfs,sources/plfs/annual/plfs-annual-report-2023-24.pdf,ab4ead2cee181a13,plfs-table49-extract-v1.0.0-20260528T023117Z,49,402,sikh,total,person,own_account_worker,40.2
plfs,sources/plfs/annual/plfs-annual-report-2023-24.pdf,ab4ead2cee181a13,plfs-table49-extract-v1.0.0-20260528T023117Z,49,402,sikh,total,person,helper_in_household,10.9
plfs,sources/plfs/annual/plfs-annual-report-2023-24.pdf,ab4ead2cee181a13,plfs-table49-extract-v1.0.0-20260528T023117Z,49,402,sikh,total,person,all_self_employed,51.1
plfs,sources/plfs/annual/plfs-annual-report-2023-24.pdf,ab4ead2cee181a13,plfs-table49-extract-v1.0.0-20260528T023117Z,49,402,sikh,total,person,regular_wage_salary,26.7
plfs,sources/plfs/annual/plfs-annual-report-2023-24.pdf,ab4ead2cee181a13,plfs-table49-extract-v1.0.0-20260528T023117Z,49,402,sikh,total,person,casual_labour,22.2
plfs,sources/plfs/annual/plfs-annual-report-2023-24.pdf,ab4ead2cee181a13,plfs-table49-extract-v1.0.0-20260528T023117Z,49,402,all,rural,male,own_account_worker,47.0
plfs,sources/plfs/annual/plfs-annual-report-2023-24.pdf,ab4ead2cee181a13,plfs-table49-extract-v1.0.0-20260528T023117Z,49,402,all,rural,male,helper_in_household,12.4
plfs,sources/plfs/annual/plfs-annual-report-2023-24.pdf,ab4ead2cee181a13,plfs-table49-extract-v1.0.0-20260528T023117Z,49,402,all,rural,male,all_self_employed,59.4
plfs,sources/plfs/annual/plfs-annual-report-2023-24.pdf,ab4ead2cee181a13,plfs-table49-extract-v1.0.0-20260528T023117Z,49,402,all,rural,male,regular_wage_salary,15.8
plfs,sources/plfs/annual/plfs-annual-report-2023-24.pdf,ab4ead2cee181a13,plfs-table49-extract-v1.0.0-20260528T023117Z,49,402,all,rural,male,casual_labour,24.9
plfs,sources/plfs/annual/plfs-annual-report-2023-24.pdf,ab4ead2cee181a13,plfs-table49-extract-v1.0.0-20260528T023117Z,49,402,all,rural,female,own_account_worker,31.2
plfs,sources/plfs/annual/plfs-annual-report-2023-24.pdf,ab4ead2cee181a13,plfs-table49-extract-v1.0.0-20260528T023117Z,49,402,all,rural,female,helper_in_household,42.3
plfs,sources/plfs/annual/plfs-annual-report-2023-24.pdf,ab4ead2cee181a13,plfs-table49-extract-v1.0.0-20260528T023117Z,49,402,all,rural,female,all_self_employed,73.5
plfs,sources/plfs/annual/plfs-annual-report-2023-24.pdf,ab4ead2cee181a13,plfs-table49-extract-v1.0.0-20260528T023117Z,49,402,all,rural,female,regular_wage_salary,7.8
plfs,sources/plfs/annual/plfs-annual-report-2023-24.pdf,ab4ead2cee181a13,plfs-table49-extract-v1.0.0-20260528T023117Z,49,402,all,rural,female,casual_labour,18.7
plfs,sources/plfs/annual/plfs-annual-report-2023-24.pdf,ab4ead2cee181a13,plfs-table49-extract-v1.0.0-20260528T023117Z,49,402,all,rural,person,own_account_worker,41.0
plfs,sources/plfs/annual/plfs-annual-report-2023-24.pdf,ab4ead2cee181a13,plfs-table49-extract-v1.0.0-20260528T023117Z,49,402,all,rural,person,helper_in_household,23.7
plfs,sources/plfs/annual/plfs-annual-report-2023-24.pdf,ab4ead2cee181a13,plfs-table49-extract-v1.0.0-20260528T023117Z,49,402,all,rural,person,all_self_employed,64.7
plfs,sources/plfs/annual/plfs-annual-report-2023-24.pdf,ab4ead2cee181a13,plfs-table49-extract-v1.0.0-20260528T023117Z,49,402,all,rural,person,regular_wage_salary,12.7
plfs,sources/plfs/annual/plfs-annual-report-2023-24.pdf,ab4ead2cee181a13,plfs-table49-extract-v1.0.0-20260528T023117Z,49,402,all,rural,person,casual_labour,22.5
plfs,sources/plfs/annual/plfs-annual-report-2023-24.pdf,ab4ead2cee181a13,plfs-table49-extract-v1.0.0-20260528T023117Z,49,402,all,urban,male,own_account_worker,35.1
plfs,sources/plfs/annual/plfs-annual-report-2023-24.pdf,ab4ead2cee181a13,plfs-table49-extract-v1.0.0-20260528T023117Z,49,402,all,urban,male,helper_in_household,4.7
plfs,sources/plfs/annual/plfs-annual-report-2023-24.pdf,ab4ead2cee181a13,plfs-table49-extract-v1.0.0-20260528T023117Z,49,402,all,urban,male,all_self_employed,39.8
plfs,sources/plfs/annual/plfs-annual-report-2023-24.pdf,ab4ead2cee181a13,plfs-table49-extract-v1.0.0-20260528T023117Z,49,402,all,urban,male,regular_wage_salary,46.8
plfs,sources/plfs/annual/plfs-annual-report-2023-24.pdf,ab4ead2cee181a13,plfs-table49-extract-v1.0.0-20260528T023117Z,49,402,all,urban,male,casual_labour,13.4
plfs,sources/plfs/annual/plfs-annual-report-2023-24.pdf,ab4ead2cee181a13,plfs-table49-extract-v1.0.0-20260528T023117Z,49,402,all,urban,female,own_account_worker,28.5
plfs,sources/plfs/annual/plfs-annual-report-2023-24.pdf,ab4ead2cee181a13,plfs-table49-extract-v1.0.0-20260528T023117Z,49,402,all,urban,female,helper_in_household,13.8
plfs,sources/plfs/annual/plfs-annual-report-2023-24.pdf,ab4ead2cee181a13,plfs-table49-extract-v1.0.0-20260528T023117Z,49,402,all,urban,female,all_self_employed,42.3
plfs,sources/plfs/annual/plfs-annual-report-2023-24.pdf,ab4ead2cee181a13,plfs-table49-extract-v1.0.0-20260528T023117Z,49,402,all,urban,female,regular_wage_salary,49.4
plfs,sources/plfs/annual/plfs-annual-report-2023-24.pdf,ab4ead2cee181a13,plfs-table49-extract-v1.0.0-20260528T023117Z,49,402,all,urban,female,casual_labour,8.3
plfs,sources/plfs/annual/plfs-annual-report-2023-24.pdf,ab4ead2cee181a13,plfs-table49-extract-v1.0.0-20260528T023117Z,49,402,all,urban,person,own_account_worker,33.4
plfs,sources/plfs/annual/plfs-annual-report-2023-24.pdf,ab4ead2cee181a13,plfs-table49-extract-v1.0.0-20260528T023117Z,49,402,all,urban,person,helper_in_household,7.0
plfs,sources/plfs/annual/plfs-annual-report-2023-24.pdf,ab4ead2cee181a13,plfs-table49-extract-v1.0.0-20260528T023117Z,49,402,all,urban,person,all_self_employed,40.4
plfs,sources/plfs/annual/plfs-annual-report-2023-24.pdf,ab4ead2cee181a13,plfs-table49-extract-v1.0.0-20260528T023117Z,49,402,all,urban,person,regular_wage_salary,47.5
plfs,sources/plfs/annual/plfs-annual-report-2023-24.pdf,ab4ead2cee181a13,plfs-table49-extract-v1.0.0-20260528T023117Z,49,402,all,urban,person,casual_labour,12.1
plfs,sources/plfs/annual/plfs-annual-report-2023-24.pdf,ab4ead2cee181a13,plfs-table49-extract-v1.0.0-20260528T023117Z,49,402,all,total,male,own_account_worker,43.5
plfs,sources/plfs/annual/plfs-annual-report-2023-24.pdf,ab4ead2cee181a13,plfs-table49-extract-v1.0.0-20260528T023117Z,49,402,all,total,male,helper_in_household,10.1
plfs,sources/plfs/annual/plfs-annual-report-2023-24.pdf,ab4ead2cee181a13,plfs-table49-extract-v1.0.0-20260528T023117Z,49,402,all,total,male,all_self_employed,53.6
plfs,sources/plfs/annual/plfs-annual-report-2023-24.pdf,ab4ead2cee181a13,plfs-table49-extract-v1.0.0-20260528T023117Z,49,402,all,total,male,regular_wage_salary,24.9
plfs,sources/plfs/annual/plfs-annual-report-2023-24.pdf,ab4ead2cee181a13,plfs-table49-extract-v1.0.0-20260528T023117Z,49,402,all,total,male,casual_labour,21.5
plfs,sources/plfs/annual/plfs-annual-report-2023-24.pdf,ab4ead2cee181a13,plfs-table49-extract-v1.0.0-20260528T023117Z,49,402,all,total,female,own_account_worker,30.7
plfs,sources/plfs/annual/plfs-annual-report-2023-24.pdf,ab4ead2cee181a13,plfs-table49-extract-v1.0.0-20260528T023117Z,49,402,all,total,female,helper_in_household,36.7
plfs,sources/plfs/annual/plfs-annual-report-2023-24.pdf,ab4ead2cee181a13,plfs-table49-extract-v1.0.0-20260528T023117Z,49,402,all,total,female,all_self_employed,67.4
plfs,sources/plfs/annual/plfs-annual-report-2023-24.pdf,ab4ead2cee181a13,plfs-table49-extract-v1.0.0-20260528T023117Z,49,402,all,total,female,regular_wage_salary,15.9
plfs,sources/plfs/annual/plfs-annual-report-2023-24.pdf,ab4ead2cee181a13,plfs-table49-extract-v1.0.0-20260528T023117Z,49,402,all,total,female,casual_labour,16.7
plfs,sources/plfs/annual/plfs-annual-report-2023-24.pdf,ab4ead2cee181a13,plfs-table49-extract-v1.0.0-20260528T023117Z,49,402,all,total,person,own_account_worker,39.0
plfs,sources/plfs/annual/plfs-annual-report-2023-24.pdf,ab4ead2cee181a13,plfs-table49-extract-v1.0.0-20260528T023117Z,49,402,all,total,person,helper_in_household,19.4
plfs,sources/plfs/annual/plfs-annual-report-2023-24.pdf,ab4ead2cee181a13,plfs-table49-extract-v1.0.0-20260528T023117Z,49,402,all,total,person,all_self_employed,58.4
plfs,sources/plfs/annual/plfs-annual-report-2023-24.pdf,ab4ead2cee181a13,plfs-table49-extract-v1.0.0-20260528T023117Z,49,402,all,total,person,regular_wage_salary,21.7
plfs,sources/plfs/annual/plfs-annual-report-2023-24.pdf,ab4ead2cee181a13,plfs-table49-extract-v1.0.0-20260528T023117Z,49,402,all,total,person,casual_labour,19.8
