round,year,religion,residence,sex,n_15plus,lfpr,wpr,ur,salaried_share
2017-18,2017,all,all,all,330620,49.79,46.81,5.99,22.86
2017-18,2017,all,all,female,163000,23.30,21.98,5.64,21.06
2017-18,2017,all,all,male,167576,75.80,71.17,6.10,23.40
2017-18,2017,all,rural,all,184935,50.74,48.07,5.27,13.13
2017-18,2017,all,rural,female,90754,24.59,23.66,3.77,10.53
2017-18,2017,all,rural,male,94164,76.39,72.00,5.75,13.96
2017-18,2017,all,urban,all,145685,47.62,43.94,7.75,47.04
2017-18,2017,all,urban,female,72246,20.36,18.17,10.75,52.17
2017-18,2017,all,urban,male,73412,74.47,69.30,6.94,45.72
2017-18,2017,buddhist,all,all,3358,54.40,51.36,5.59,21.04
2017-18,2017,buddhist,all,female,1680,35.50,33.37,5.98,21.46
2017-18,2017,buddhist,all,male,1678,73.81,69.82,5.40,20.84
2017-18,2017,buddhist,rural,all,2158,59.32,57.21,3.56,12.32
2017-18,2017,buddhist,rural,female,1043,41.89,41.01,2.10,10.95
2017-18,2017,buddhist,rural,male,1115,76.18,72.87,4.34,13.07
2017-18,2017,buddhist,urban,all,1200,45.11,40.32,10.63,44.38
2017-18,2017,buddhist,urban,female,637,24.41,20.13,17.54,58.55
2017-18,2017,buddhist,urban,male,563,68.91,63.53,7.81,39.21
2017-18,2017,christian,all,all,23246,50.68,46.42,8.39,36.63
2017-18,2017,christian,all,female,11707,29.17,25.86,11.34,46.86
2017-18,2017,christian,all,male,11536,73.28,68.04,7.15,32.54
2017-18,2017,christian,rural,all,13003,52.59,48.69,7.42,24.87
2017-18,2017,christian,rural,female,6382,30.09,27.47,8.73,30.90
2017-18,2017,christian,rural,male,6621,75.34,70.15,6.89,22.48
2017-18,2017,christian,urban,all,10243,47.67,42.88,10.07,57.55
2017-18,2017,christian,urban,female,5325,27.79,23.47,15.56,74.76
2017-18,2017,christian,urban,male,4915,69.87,64.54,7.63,50.59
2017-18,2017,hindu,all,all,247668,50.49,47.58,5.77,22.68
2017-18,2017,hindu,all,female,121720,24.52,23.26,5.15,20.25
2017-18,2017,hindu,all,male,125916,75.82,71.30,5.96,23.45
2017-18,2017,hindu,rural,all,141200,51.43,48.82,5.08,12.68
2017-18,2017,hindu,rural,female,69275,25.74,24.84,3.49,9.79
2017-18,2017,hindu,rural,male,71910,76.49,72.20,5.61,13.64
2017-18,2017,hindu,urban,all,106468,48.20,44.58,7.52,49.16
2017-18,2017,hindu,urban,female,52445,21.58,19.44,9.91,52.57
2017-18,2017,hindu,urban,male,54006,74.19,69.12,6.84,48.22
2017-18,2017,jain,all,all,883,46.48,43.93,5.48,44.01
2017-18,2017,jain,all,female,420,20.43,18.03,11.75,58.88
2017-18,2017,jain,all,male,462,70.15,67.46,3.82,40.47
2017-18,2017,jain,rural,all,147,40.28,37.75,6.28,44.79
2017-18,2017,jain,rural,female,67,19.86,19.86,0.00,70.00
2017-18,2017,jain,rural,male,80,59.00,54.15,8.22,36.31
2017-18,2017,jain,urban,all,736,48.26,45.71,5.29,43.83
2017-18,2017,jain,urban,female,353,20.60,17.50,15.01,55.25
2017-18,2017,jain,urban,male,382,73.33,71.27,2.82,41.37
2017-18,2017,muslim,all,all,44562,45.04,41.79,7.21,20.91
2017-18,2017,muslim,all,female,22165,13.98,12.77,8.67,18.68
2017-18,2017,muslim,all,male,22391,76.77,71.45,6.93,21.32
2017-18,2017,muslim,rural,all,21363,45.22,42.29,6.48,13.49
2017-18,2017,muslim,rural,female,10580,15.03,14.17,5.70,10.46
2017-18,2017,muslim,rural,male,10782,76.44,71.37,6.63,14.11
2017-18,2017,muslim,urban,all,23199,44.76,41.00,8.39,33.12
2017-18,2017,muslim,urban,female,11585,12.29,10.50,14.57,36.65
2017-18,2017,muslim,urban,male,11609,77.30,71.57,7.40,32.61
2017-18,2017,other,all,all,3518,52.94,49.88,5.79,15.75
2017-18,2017,other,all,female,1703,28.22,27.11,3.91,12.94
2017-18,2017,other,all,male,1813,75.92,71.04,6.43,16.74
2017-18,2017,other,rural,all,2221,54.02,51.14,5.33,8.99
2017-18,2017,other,rural,female,1061,29.88,28.90,3.29,6.76
2017-18,2017,other,rural,male,1159,76.27,71.64,6.06,9.81
2017-18,2017,other,urban,all,1297,48.81,45.04,7.72,45.25
2017-18,2017,other,urban,female,642,21.96,20.41,7.07,45.74
2017-18,2017,other,urban,male,654,74.56,68.66,7.91,45.12
2017-18,2017,sikh,all,all,7385,45.06,41.99,6.81,27.47
2017-18,2017,sikh,all,female,3605,14.85,13.52,8.99,36.43
2017-18,2017,sikh,all,male,3780,73.41,68.71,6.40,25.82
2017-18,2017,sikh,rural,all,4843,44.75,42.01,6.12,21.67
2017-18,2017,sikh,rural,female,2346,13.71,12.93,5.70,27.96
2017-18,2017,sikh,rural,male,2497,73.70,69.14,6.19,20.58
2017-18,2017,sikh,urban,all,2542,46.14,41.93,9.12,47.24
2017-18,2017,sikh,urban,female,1259,18.68,15.49,17.08,60.16
2017-18,2017,sikh,urban,male,1283,72.39,67.21,7.15,44.39
2018-19,2018,all,all,all,322010,50.20,47.31,5.77,23.81
2018-19,2018,all,all,female,159234,24.51,23.25,5.14,21.95
2018-19,2018,all,all,male,162704,75.53,71.02,5.97,24.40
2018-19,2018,all,rural,all,179796,51.49,48.92,4.98,13.45
2018-19,2018,all,rural,female,88960,26.40,25.48,3.50,11.07
2018-19,2018,all,rural,male,90800,76.38,72.18,5.49,14.28
2018-19,2018,all,urban,all,142214,47.44,43.83,7.60,48.74
2018-19,2018,all,urban,female,70274,20.39,18.40,9.77,54.78
2018-19,2018,all,urban,male,71904,73.72,68.54,7.02,47.16
2018-19,2018,buddhist,all,all,3649,53.77,50.24,6.56,24.03
2018-19,2018,buddhist,all,female,1805,36.81,35.81,2.72,21.12
2018-19,2018,buddhist,all,male,1843,69.73,63.83,8.46,25.56
2018-19,2018,buddhist,rural,all,2343,58.38,54.83,6.09,13.20
2018-19,2018,buddhist,rural,female,1131,43.18,42.80,0.89,11.52
2018-19,2018,buddhist,rural,male,1211,72.35,65.90,8.91,14.20
2018-19,2018,buddhist,urban,all,1306,42.90,39.44,8.07,59.51
2018-19,2018,buddhist,urban,female,674,22.54,20.16,10.57,66.80
2018-19,2018,buddhist,urban,male,632,63.29,58.74,7.19,57.01
2018-19,2018,christian,all,all,22452,52.66,48.85,7.23,31.09
2018-19,2018,christian,all,female,11407,33.68,30.82,8.47,36.09
2018-19,2018,christian,all,male,11037,73.30,68.45,6.61,28.64
2018-19,2018,christian,rural,all,12516,55.85,52.14,6.64,20.43
2018-19,2018,christian,rural,female,6238,36.65,34.05,7.09,22.95
2018-19,2018,christian,rural,male,6274,76.04,71.17,6.42,19.17
2018-19,2018,christian,urban,all,9936,47.63,43.67,8.31,51.12
2018-19,2018,christian,urban,female,5169,29.18,25.94,11.08,62.15
2018-19,2018,christian,urban,male,4763,68.77,63.98,6.96,45.99
2018-19,2018,hindu,all,all,239629,50.78,47.94,5.59,23.73
2018-19,2018,hindu,all,female,118030,25.63,24.38,4.87,21.34
2018-19,2018,hindu,all,male,121551,75.45,71.05,5.83,24.53
2018-19,2018,hindu,rural,all,137171,51.98,49.47,4.83,13.12
2018-19,2018,hindu,rural,female,67800,27.42,26.52,3.31,10.41
2018-19,2018,hindu,rural,male,69347,76.26,72.16,5.37,14.11
2018-19,2018,hindu,urban,all,102458,47.97,44.36,7.51,51.28
2018-19,2018,hindu,urban,female,50230,21.40,19.34,9.62,56.69
2018-19,2018,hindu,urban,male,52204,73.58,68.49,6.92,49.81
2018-19,2018,jain,all,all,942,42.09,40.90,2.83,30.62
2018-19,2018,jain,all,female,476,14.70,14.47,1.61,31.26
2018-19,2018,jain,all,male,466,70.25,68.07,3.09,30.48
2018-19,2018,jain,rural,all,96,51.11,51.11,0.00,12.97
2018-19,2018,jain,rural,female,44,30.63,30.63,0.00,18.96
2018-19,2018,jain,rural,male,52,68.86,68.86,0.00,10.67
2018-19,2018,jain,urban,all,846,40.91,39.56,3.29,33.60
2018-19,2018,jain,urban,female,432,12.82,12.55,2.06,34.82
2018-19,2018,jain,urban,male,414,70.45,67.96,3.53,33.36
2018-19,2018,muslim,all,all,45700,46.18,43.15,6.57,22.16
2018-19,2018,muslim,all,female,22729,14.91,13.87,6.92,20.59
2018-19,2018,muslim,all,male,22960,77.60,72.55,6.50,22.47
2018-19,2018,muslim,rural,all,21755,46.58,43.90,5.74,13.27
2018-19,2018,muslim,rural,female,10829,15.44,14.72,4.66,11.33
2018-19,2018,muslim,rural,male,10920,78.48,73.80,5.96,13.67
2018-19,2018,muslim,urban,all,23945,45.62,42.07,7.78,35.48
2018-19,2018,muslim,urban,female,11900,14.12,12.63,10.55,36.45
2018-19,2018,muslim,urban,male,12040,76.36,70.80,7.29,35.32
2018-19,2018,other,all,all,2611,55.90,53.15,4.91,17.47
2018-19,2018,other,all,female,1306,36.89,36.34,1.51,14.30
2018-19,2018,other,all,male,1303,74.85,69.93,6.57,19.10
2018-19,2018,other,rural,all,1606,58.49,56.99,2.56,10.34
2018-19,2018,other,rural,female,797,40.68,40.35,0.83,7.99
2018-19,2018,other,rural,male,809,76.41,73.75,3.48,11.64
2018-19,2018,other,urban,all,1005,47.19,40.22,14.76,51.50
2018-19,2018,other,urban,female,509,23.71,22.38,5.60,53.90
2018-19,2018,other,urban,male,494,69.70,57.39,17.66,50.61
2018-19,2018,sikh,all,all,7027,45.78,42.49,7.18,28.45
2018-19,2018,sikh,all,female,3481,18.51,17.10,7.60,35.64
2018-19,2018,sikh,all,male,3544,71.76,66.68,7.08,26.68
2018-19,2018,sikh,rural,all,4309,46.32,43.37,6.39,22.23
2018-19,2018,sikh,rural,female,2121,19.07,17.88,6.25,26.68
2018-19,2018,sikh,rural,male,2187,72.32,67.68,6.42,21.11
2018-19,2018,sikh,urban,all,2718,44.36,40.21,9.36,45.91
2018-19,2018,sikh,urban,female,1360,17.03,15.06,11.54,63.40
2018-19,2018,sikh,urban,male,1357,70.31,64.08,8.86,41.98
2019-20,2019,all,all,all,320081,53.51,50.94,4.81,22.97
2019-20,2019,all,all,female,158647,30.01,28.76,4.16,20.09
2019-20,2019,all,all,male,161379,76.82,72.92,5.06,24.10
2019-20,2019,all,rural,all,179876,55.51,53.34,3.92,12.51
2019-20,2019,all,rural,female,89138,33.12,32.25,2.61,9.58
2019-20,2019,all,rural,male,90702,77.86,74.38,4.48,13.78
2019-20,2019,all,urban,all,140205,49.26,45.84,6.95,48.82
2019-20,2019,all,urban,female,69509,23.33,21.26,8.88,54.28
2019-20,2019,all,urban,male,70677,74.62,69.87,6.36,47.20
2019-20,2019,buddhist,all,all,3172,60.00,58.81,1.98,24.17
2019-20,2019,buddhist,all,female,1558,43.95,43.58,0.84,19.48
2019-20,2019,buddhist,all,male,1612,75.57,73.59,2.63,26.86
2019-20,2019,buddhist,rural,all,1845,66.57,66.01,0.85,12.09
2019-20,2019,buddhist,rural,female,903,56.01,55.88,0.24,7.38
2019-20,2019,buddhist,rural,male,942,76.68,75.70,1.28,15.42
2019-20,2019,buddhist,urban,all,1327,49.76,47.60,4.35,50.25
2019-20,2019,buddhist,urban,female,655,25.39,24.65,2.89,61.68
2019-20,2019,buddhist,urban,male,670,73.84,70.26,4.84,46.32
2019-20,2019,christian,all,all,22505,56.94,52.88,7.14,29.99
2019-20,2019,christian,all,female,11388,39.71,36.58,7.88,33.06
2019-20,2019,christian,all,male,11113,75.07,70.02,6.72,28.30
2019-20,2019,christian,rural,all,12627,59.64,55.94,6.20,17.56
2019-20,2019,christian,rural,female,6306,42.80,40.00,6.53,19.13
2019-20,2019,christian,rural,male,6319,77.22,72.58,6.01,16.66
2019-20,2019,christian,urban,all,9878,52.16,47.45,9.03,55.94
2019-20,2019,christian,urban,female,5082,34.28,30.56,10.84,65.05
2019-20,2019,christian,urban,male,4794,71.21,65.44,8.10,51.41
2019-20,2019,hindu,all,all,242343,54.18,51.68,4.61,22.79
2019-20,2019,hindu,all,female,119934,31.29,30.11,3.78,19.56
2019-20,2019,hindu,all,male,122362,76.80,73.00,4.95,24.11
2019-20,2019,hindu,rural,all,139123,56.14,54.02,3.78,12.16
2019-20,2019,hindu,rural,female,69018,34.30,33.45,2.48,8.97
2019-20,2019,hindu,rural,male,70072,77.91,74.52,4.35,13.59
2019-20,2019,hindu,urban,all,103220,49.76,46.41,6.73,50.68
2019-20,2019,hindu,urban,female,50916,24.40,22.46,7.96,55.61
2019-20,2019,hindu,urban,male,52290,74.33,69.62,6.34,49.14
2019-20,2019,jain,all,all,748,46.92,45.85,2.27,32.16
2019-20,2019,jain,all,female,367,19.21,17.95,6.56,39.56
2019-20,2019,jain,all,male,381,73.20,72.32,1.20,30.41
2019-20,2019,jain,rural,all,140,54.27,54.27,0.00,13.59
2019-20,2019,jain,rural,female,63,23.55,23.55,0.00,3.27
2019-20,2019,jain,rural,male,77,81.15,81.15,0.00,16.21
2019-20,2019,jain,urban,all,608,44.60,43.20,3.14,39.50
2019-20,2019,jain,urban,female,304,17.91,16.28,9.13,55.21
2019-20,2019,jain,urban,male,304,70.57,69.39,1.66,35.92
2019-20,2019,muslim,all,all,41805,47.90,45.10,5.85,21.66
2019-20,2019,muslim,all,female,20747,18.45,17.09,7.37,17.41
2019-20,2019,muslim,all,male,21056,77.64,73.38,5.48,22.66
2019-20,2019,muslim,rural,all,20250,48.91,46.75,4.41,12.49
2019-20,2019,muslim,rural,female,9981,20.34,19.80,2.64,9.49
2019-20,2019,muslim,rural,male,10268,77.84,74.04,4.88,13.30
2019-20,2019,muslim,urban,all,21555,46.41,42.66,8.08,36.45
2019-20,2019,muslim,urban,female,10766,15.66,13.08,16.45,35.11
2019-20,2019,muslim,urban,male,10788,77.34,72.41,6.37,36.70
2019-20,2019,other,all,all,2422,56.11,53.04,5.48,24.04
2019-20,2019,other,all,female,1224,36.42,35.47,2.60,15.51
2019-20,2019,other,all,male,1198,77.20,71.85,6.93,28.56
2019-20,2019,other,rural,all,1406,58.43,55.43,5.13,17.79
2019-20,2019,other,rural,female,719,40.04,39.28,1.88,6.21
2019-20,2019,other,rural,male,687,78.33,72.90,6.93,24.55
2019-20,2019,other,urban,all,1016,49.97,46.69,6.55,43.72
2019-20,2019,other,urban,female,505,26.66,25.19,5.52,54.68
2019-20,2019,other,urban,male,511,74.26,69.11,6.94,39.56
2019-20,2019,sikh,all,all,7086,51.06,47.70,6.58,27.37
2019-20,2019,sikh,all,female,3429,24.72,23.32,5.66,36.61
2019-20,2019,sikh,all,male,3657,75.80,70.59,6.87,24.51
2019-20,2019,sikh,rural,all,4485,52.73,49.44,6.23,21.58
2019-20,2019,sikh,rural,female,2148,26.36,25.23,4.30,31.04
2019-20,2019,sikh,rural,male,2337,76.92,71.66,6.84,18.53
2019-20,2019,sikh,urban,all,2601,45.86,42.27,7.83,48.41
2019-20,2019,sikh,urban,female,1281,19.85,17.67,10.98,60.15
2019-20,2019,sikh,urban,male,1320,72.13,67.11,6.96,45.29
2020-21,2020,all,all,all,316736,54.89,52.58,4.21,21.21
2020-21,2020,all,all,female,156831,32.55,31.42,3.49,17.50
2020-21,2020,all,all,male,159828,77.03,73.56,4.51,22.79
2020-21,2020,all,rural,all,178199,57.39,55.51,3.28,12.15
2020-21,2020,all,rural,female,88234,36.59,35.83,2.07,9.12
2020-21,2020,all,rural,male,89924,78.10,75.10,3.84,13.60
2020-21,2020,all,urban,all,138537,49.14,45.85,6.69,46.38
2020-21,2020,all,urban,female,68597,23.23,21.22,8.65,50.19
2020-21,2020,all,urban,male,69904,74.60,70.05,6.09,45.24
2020-21,2020,buddhist,all,all,3393,57.06,54.73,4.08,30.15
2020-21,2020,buddhist,all,female,1654,39.64,38.34,3.27,27.01
2020-21,2020,buddhist,all,male,1737,74.14,70.80,4.51,31.82
2020-21,2020,buddhist,rural,all,1965,62.07,61.00,1.73,19.66
2020-21,2020,buddhist,rural,female,950,47.71,47.02,1.45,15.28
2020-21,2020,buddhist,rural,male,1014,75.54,74.11,1.90,22.28
2020-21,2020,buddhist,urban,all,1428,48.72,44.30,9.06,54.15
2020-21,2020,buddhist,urban,female,704,26.98,24.73,8.32,61.99
2020-21,2020,buddhist,urban,male,723,71.68,64.97,9.36,51.00
2020-21,2020,christian,all,all,22342,56.36,52.57,6.73,28.07
2020-21,2020,christian,all,female,11280,39.30,36.72,6.57,29.88
2020-21,2020,christian,all,male,11058,74.52,69.44,6.82,27.05
2020-21,2020,christian,rural,all,12437,59.88,56.50,5.64,18.33
2020-21,2020,christian,rural,female,6185,43.29,41.08,5.12,17.45
2020-21,2020,christian,rural,male,6250,77.38,72.77,5.95,18.86
2020-21,2020,christian,urban,all,9905,50.35,45.85,8.94,48.56
2020-21,2020,christian,urban,female,5095,32.57,29.37,9.83,59.19
2020-21,2020,christian,urban,male,4808,69.59,63.68,8.49,43.26
2020-21,2020,hindu,all,all,240963,55.55,53.29,4.08,21.42
2020-21,2020,hindu,all,female,119282,33.93,32.78,3.36,17.35
2020-21,2020,hindu,all,male,121626,76.95,73.57,4.39,23.21
2020-21,2020,hindu,rural,all,138041,58.07,56.24,3.15,12.08
2020-21,2020,hindu,rural,female,68402,37.97,37.24,1.93,8.91
2020-21,2020,hindu,rural,male,69611,78.05,75.14,3.73,13.65
2020-21,2020,hindu,urban,all,102922,49.49,46.18,6.70,48.76
2020-21,2020,hindu,urban,female,50880,24.13,22.00,8.81,51.95
2020-21,2020,hindu,urban,male,52015,74.32,69.84,6.03,47.78
2020-21,2020,jain,all,all,707,48.25,47.33,1.90,27.70
2020-21,2020,jain,all,female,364,24.44,24.23,0.88,24.20
2020-21,2020,jain,all,male,343,74.30,72.62,2.27,28.98
2020-21,2020,jain,rural,all,167,52.00,51.74,0.51,14.85
2020-21,2020,jain,rural,female,96,34.36,34.36,0.00,7.29
2020-21,2020,jain,rural,male,71,74.93,74.32,0.81,19.39
2020-21,2020,jain,urban,all,540,46.08,44.79,2.81,36.26
2020-21,2020,jain,urban,female,268,17.95,17.59,1.98,45.81
2020-21,2020,jain,urban,male,272,73.99,71.77,3.01,33.94
2020-21,2020,muslim,all,all,40445,49.98,47.68,4.60,17.16
2020-21,2020,muslim,all,female,19862,21.16,20.42,3.53,12.64
2020-21,2020,muslim,all,male,20570,78.62,74.78,4.89,18.39
2020-21,2020,muslim,rural,all,20179,51.36,49.38,3.86,10.04
2020-21,2020,muslim,rural,female,9935,23.98,23.47,2.14,7.24
2020-21,2020,muslim,rural,male,10237,78.82,75.37,4.39,10.92
2020-21,2020,muslim,urban,all,20266,47.49,44.62,6.04,31.43
2020-21,2020,muslim,urban,female,9927,15.99,14.82,7.34,28.37
2020-21,2020,muslim,urban,male,10333,78.25,73.72,5.79,32.03
2020-21,2020,other,all,all,2254,64.99,62.54,3.77,9.61
2020-21,2020,other,all,female,1107,50.99,50.33,1.28,9.24
2020-21,2020,other,all,male,1147,78.18,74.05,5.29,9.84
2020-21,2020,other,rural,all,1364,67.79,66.04,2.58,6.04
2020-21,2020,other,rural,female,677,55.90,55.39,0.90,6.02
2020-21,2020,other,rural,male,687,78.99,76.07,3.70,6.06
2020-21,2020,other,urban,all,890,50.82,44.84,11.78,36.18
2020-21,2020,other,urban,female,430,26.16,24.74,5.44,45.77
2020-21,2020,other,urban,male,460,74.09,63.80,13.89,32.67
2020-21,2020,sikh,all,all,6632,49.79,47.18,5.24,24.17
2020-21,2020,sikh,all,female,3282,23.96,22.44,6.35,24.24
2020-21,2020,sikh,all,male,3347,75.44,71.76,4.89,24.14
2020-21,2020,sikh,rural,all,4046,52.27,49.74,4.84,18.61
2020-21,2020,sikh,rural,female,1989,26.25,24.56,6.44,15.80
2020-21,2020,sikh,rural,male,2054,78.13,74.77,4.31,19.53
2020-21,2020,sikh,urban,all,2586,43.92,41.12,6.36,40.05
2020-21,2020,sikh,urban,female,1293,18.54,17.42,6.05,52.37
2020-21,2020,sikh,urban,male,1293,69.07,64.63,6.44,36.75
2021-22,2021,all,all,all,327081,55.18,52.95,4.05,21.54
2021-22,2021,all,all,female,162015,32.84,31.74,3.34,16.58
2021-22,2021,all,all,male,165045,77.20,73.84,4.35,23.64
2021-22,2021,all,rural,all,185551,57.48,55.61,3.25,12.56
2021-22,2021,all,rural,female,92089,36.58,35.81,2.12,8.07
2021-22,2021,all,rural,male,93454,78.25,75.30,3.77,14.69
2021-22,2021,all,urban,all,141530,49.70,46.59,6.27,47.14
2021-22,2021,all,urban,female,69926,23.76,21.89,7.86,50.34
2021-22,2021,all,urban,male,71591,74.75,70.42,5.78,46.17
2021-22,2021,buddhist,all,all,3737,58.25,55.50,4.71,23.67
2021-22,2021,buddhist,all,female,1837,40.52,39.22,3.22,20.02
2021-22,2021,buddhist,all,male,1899,75.89,71.71,5.51,25.65
2021-22,2021,buddhist,rural,all,2371,62.34,59.82,4.05,13.44
2021-22,2021,buddhist,rural,female,1149,45.27,44.32,2.09,9.50
2021-22,2021,buddhist,rural,male,1221,79.48,75.38,5.16,15.77
2021-22,2021,buddhist,urban,all,1366,49.35,46.12,6.55,52.49
2021-22,2021,buddhist,urban,female,688,30.06,27.98,6.94,56.72
2021-22,2021,buddhist,urban,male,678,68.20,63.85,6.38,50.68
2021-22,2021,christian,all,all,22821,58.85,55.45,5.78,28.55
2021-22,2021,christian,all,female,11486,44.46,41.56,6.52,28.47
2021-22,2021,christian,all,male,11334,73.82,69.89,5.32,28.60
2021-22,2021,christian,rural,all,12782,63.54,60.60,4.63,18.78
2021-22,2021,christian,rural,female,6348,50.13,47.72,4.82,16.42
2021-22,2021,christian,rural,male,6434,77.19,73.72,4.50,20.34
2021-22,2021,christian,urban,all,10039,51.07,46.90,8.16,49.51
2021-22,2021,christian,urban,female,5138,35.30,31.62,10.43,57.85
2021-22,2021,christian,urban,male,4900,68.06,63.36,6.90,45.02
2021-22,2021,hindu,all,all,246124,55.83,53.64,3.92,21.50
2021-22,2021,hindu,all,female,121831,34.23,33.17,3.11,16.27
2021-22,2021,hindu,all,male,124277,77.09,73.79,4.28,23.81
2021-22,2021,hindu,rural,all,142096,58.16,56.33,3.15,12.25
2021-22,2021,hindu,rural,female,70653,38.01,37.26,1.97,7.68
2021-22,2021,hindu,rural,male,71438,78.18,75.27,3.72,14.50
2021-22,2021,hindu,urban,all,104028,49.97,46.88,6.19,49.47
2021-22,2021,hindu,urban,female,51178,24.56,22.69,7.62,52.35
2021-22,2021,hindu,urban,male,52839,74.41,70.14,5.73,48.58
2021-22,2021,jain,all,all,655,49.98,48.72,2.52,35.30
2021-22,2021,jain,all,female,317,20.68,18.71,9.55,32.31
2021-22,2021,jain,all,male,338,77.85,77.27,0.74,35.99
2021-22,2021,jain,rural,all,68,58.07,54.92,5.42,38.00
2021-22,2021,jain,rural,female,32,27.67,21.20,23.37,12.19
2021-22,2021,jain,rural,male,36,86.88,86.88,0.00,43.96
2021-22,2021,jain,urban,all,587,47.81,47.06,1.58,34.46
2021-22,2021,jain,urban,female,285,18.82,18.04,4.14,38.62
2021-22,2021,jain,urban,male,302,75.42,74.69,0.97,33.50
2021-22,2021,muslim,all,all,44916,50.05,47.86,4.38,19.41
2021-22,2021,muslim,all,female,22243,21.14,20.34,3.81,12.46
2021-22,2021,muslim,all,male,22670,78.75,75.18,4.53,21.28
2021-22,2021,muslim,rural,all,22662,51.10,49.40,3.32,12.35
2021-22,2021,muslim,rural,female,11205,23.60,23.10,2.13,6.74
2021-22,2021,muslim,rural,male,11455,78.90,75.99,3.69,14.07
2021-22,2021,muslim,urban,all,22254,48.15,45.07,6.41,33.39
2021-22,2021,muslim,urban,female,11038,16.60,15.23,8.25,28.51
2021-22,2021,muslim,urban,male,11215,78.50,73.76,6.04,34.35
2021-22,2021,other,all,all,2470,66.25,64.20,3.09,15.47
2021-22,2021,other,all,female,1233,54.56,53.04,2.79,13.68
2021-22,2021,other,all,male,1237,78.55,75.94,3.32,16.79
2021-22,2021,other,rural,all,1468,68.26,66.79,2.16,8.56
2021-22,2021,other,rural,female,731,57.29,56.68,1.07,7.46
2021-22,2021,other,rural,male,737,79.95,77.56,2.99,9.42
2021-22,2021,other,urban,all,1002,57.11,52.44,8.17,55.57
2021-22,2021,other,urban,female,502,41.67,35.88,13.91,60.07
2021-22,2021,other,urban,male,500,72.38,68.84,4.90,53.26
2021-22,2021,sikh,all,all,6358,51.48,48.27,6.23,25.78
2021-22,2021,sikh,all,female,3068,24.11,22.16,8.09,32.72
2021-22,2021,sikh,all,male,3290,76.79,72.42,5.69,23.82
2021-22,2021,sikh,rural,all,4104,52.78,49.63,5.97,21.33
2021-22,2021,sikh,rural,female,1971,25.13,23.40,6.90,25.67
2021-22,2021,sikh,rural,male,2133,78.09,73.64,5.70,20.07
2021-22,2021,sikh,urban,all,2254,47.20,43.81,7.19,42.34
2021-22,2021,sikh,urban,female,1097,20.84,18.20,12.67,61.78
2021-22,2021,sikh,urban,male,1157,72.42,68.31,5.68,37.39
2022-23,2022,all,all,all,320260,57.86,56.03,3.16,20.88
2022-23,2022,all,all,female,159128,36.97,35.88,2.93,15.89
2022-23,2022,all,all,male,161117,78.55,75.98,3.27,23.21
2022-23,2022,all,rural,all,181049,60.85,59.37,2.43,12.17
2022-23,2022,all,rural,female,90349,41.50,40.74,1.84,7.98
2022-23,2022,all,rural,male,90689,80.21,78.01,2.74,14.35
2022-23,2022,all,urban,all,139211,50.41,47.70,5.36,47.97
2022-23,2022,all,urban,female,68779,25.42,23.52,7.49,50.80
2022-23,2022,all,urban,male,70428,74.47,71.00,4.66,47.07
2022-23,2022,buddhist,all,all,3638,61.21,58.50,4.43,27.49
2022-23,2022,buddhist,all,female,1819,43.72,41.82,4.35,24.93
2022-23,2022,buddhist,all,male,1819,78.60,75.08,4.48,28.91
2022-23,2022,buddhist,rural,all,2248,65.73,64.14,2.43,13.68
2022-23,2022,buddhist,rural,female,1114,49.64,49.00,1.28,8.38
2022-23,2022,buddhist,rural,male,1134,81.24,78.72,3.11,16.86
2022-23,2022,buddhist,urban,all,1390,52.74,47.94,9.11,62.15
2022-23,2022,buddhist,urban,female,705,33.09,28.93,12.59,75.24
2022-23,2022,buddhist,urban,male,685,73.41,67.94,7.45,56.28
2022-23,2022,christian,all,all,22124,60.69,57.96,4.49,28.06
2022-23,2022,christian,all,female,11223,46.18,43.66,5.46,28.04
2022-23,2022,christian,all,male,10900,76.07,73.12,3.87,28.06
2022-23,2022,christian,rural,all,12383,65.90,63.51,3.63,18.22
2022-23,2022,christian,rural,female,6212,52.30,50.11,4.20,16.16
2022-23,2022,christian,rural,male,6171,80.23,77.64,3.23,19.63
2022-23,2022,christian,urban,all,9741,51.37,48.04,6.48,51.27
2022-23,2022,christian,urban,female,5011,35.34,32.25,8.74,60.70
2022-23,2022,christian,urban,male,4729,68.56,64.98,5.23,46.24
2022-23,2022,hindu,all,all,239010,58.96,57.07,3.21,21.45
2022-23,2022,hindu,all,female,118550,39.92,38.80,2.80,15.70
2022-23,2022,hindu,all,male,120446,77.73,75.08,3.41,24.38
2022-23,2022,hindu,rural,all,138019,62.10,60.55,2.50,12.33
2022-23,2022,hindu,rural,female,68911,45.02,44.23,1.75,7.74
2022-23,2022,hindu,rural,male,69097,79.14,76.83,2.92,14.97
2022-23,2022,hindu,urban,all,100991,50.98,48.22,5.41,50.49
2022-23,2022,hindu,urban,female,49639,26.70,24.73,7.38,52.59
2022-23,2022,hindu,urban,male,51349,74.22,70.71,4.73,49.79
2022-23,2022,jain,all,all,799,49.34,48.24,2.22,20.58
2022-23,2022,jain,all,female,379,23.07,21.92,4.98,22.73
2022-23,2022,jain,all,male,420,72.60,71.54,1.45,20.00
2022-23,2022,jain,rural,all,100,69.33,67.03,3.33,9.24
2022-23,2022,jain,rural,female,45,42.17,37.28,11.59,0.00
2022-23,2022,jain,rural,male,55,93.59,93.59,0.00,12.53
2022-23,2022,jain,urban,all,699,44.14,43.35,1.77,25.14
2022-23,2022,jain,urban,female,334,18.07,17.90,0.94,35.12
2022-23,2022,jain,urban,male,365,67.16,65.84,1.97,22.75
2022-23,2022,muslim,all,all,45656,51.91,50.68,2.35,15.29
2022-23,2022,muslim,all,female,22694,20.47,19.93,2.64,11.79
2022-23,2022,muslim,all,male,22962,83.48,81.58,2.28,16.15
2022-23,2022,muslim,rural,all,22656,53.66,52.85,1.52,9.16
2022-23,2022,muslim,rural,female,11307,21.82,21.55,1.23,6.77
2022-23,2022,muslim,rural,male,11349,86.07,84.70,1.60,9.77
2022-23,2022,muslim,urban,all,23000,47.51,45.27,4.70,33.23
2022-23,2022,muslim,urban,female,11387,17.02,15.79,7.28,29.35
2022-23,2022,muslim,urban,male,11613,77.15,73.95,4.15,34.03
2022-23,2022,other,all,all,2172,67.28,65.38,2.83,19.91
2022-23,2022,other,all,female,1076,57.89,55.54,4.05,14.77
2022-23,2022,other,all,male,1096,76.24,74.76,1.94,23.56
2022-23,2022,other,rural,all,1211,73.54,71.95,2.17,13.25
2022-23,2022,other,rural,female,581,67.60,65.24,3.49,9.46
2022-23,2022,other,rural,male,630,79.07,78.19,1.11,16.20
2022-23,2022,other,urban,all,961,48.94,46.13,5.75,50.33
2022-23,2022,other,urban,female,495,30.83,28.52,7.50,48.66
2022-23,2022,other,urban,male,466,67.53,64.21,4.93,51.10
2022-23,2022,sikh,all,all,6861,54.22,51.42,5.15,26.01
2022-23,2022,sikh,all,female,3387,29.56,27.64,6.48,22.61
2022-23,2022,sikh,all,male,3474,78.26,74.62,4.66,27.24
2022-23,2022,sikh,rural,all,4432,55.91,53.21,4.82,19.81
2022-23,2022,sikh,rural,female,2179,32.37,30.55,5.62,15.32
2022-23,2022,sikh,rural,male,2253,78.82,75.27,4.50,21.58
2022-23,2022,sikh,urban,all,2429,48.87,45.77,6.36,48.81
2022-23,2022,sikh,urban,female,1208,20.69,18.47,10.74,60.60
2022-23,2022,sikh,urban,male,1221,76.50,72.53,5.19,45.87
2023-24,2023,all,all,all,319773,60.13,58.22,3.18,21.78
2023-24,2023,all,all,female,160042,41.65,40.34,3.16,15.93
2023-24,2023,all,all,male,159720,78.80,76.28,3.19,24.90
2023-24,2023,all,rural,all,180793,63.72,62.13,2.49,12.76
2023-24,2023,all,rural,female,90920,47.56,46.54,2.14,7.84
2023-24,2023,all,rural,male,89872,80.25,78.09,2.70,15.76
2023-24,2023,all,urban,all,138980,52.01,49.36,5.10,47.50
2023-24,2023,all,urban,female,69122,27.98,25.98,7.14,49.51
2023-24,2023,all,urban,male,69848,75.58,72.28,4.36,46.80
2023-24,2023,buddhist,all,all,3751,57.51,54.31,5.56,33.34
2023-24,2023,buddhist,all,female,1870,40.19,38.81,3.44,25.85
2023-24,2023,buddhist,all,male,1881,74.96,69.93,6.71,37.53
2023-24,2023,buddhist,rural,all,2282,62.68,61.10,2.52,19.71
2023-24,2023,buddhist,rural,female,1110,49.08,48.67,0.85,10.34
2023-24,2023,buddhist,rural,male,1172,76.20,73.47,3.59,25.89
2023-24,2023,buddhist,urban,all,1469,50.12,44.60,11.01,60.05
2023-24,2023,buddhist,urban,female,760,27.68,24.93,9.92,68.49
2023-24,2023,buddhist,urban,male,709,73.16,64.79,11.44,56.71
2023-24,2023,christian,all,all,22405,62.85,59.85,4.76,27.66
2023-24,2023,christian,all,female,11427,50.35,47.60,5.47,26.41
2023-24,2023,christian,all,male,10978,76.32,73.06,4.26,28.53
2023-24,2023,christian,rural,all,12443,68.64,65.94,3.94,16.81
2023-24,2023,christian,rural,female,6254,58.17,55.52,4.57,15.72
2023-24,2023,christian,rural,male,6189,79.72,76.97,3.45,17.64
2023-24,2023,christian,urban,all,9962,52.91,49.42,6.60,52.47
2023-24,2023,christian,urban,female,5173,37.24,34.33,7.81,55.36
2023-24,2023,christian,urban,male,4789,70.33,66.19,5.89,50.80
2023-24,2023,hindu,all,all,237505,60.93,59.06,3.06,21.97
2023-24,2023,hindu,all,female,118710,43.35,42.07,2.94,15.90
2023-24,2023,hindu,all,male,118784,78.60,76.14,3.13,25.34
2023-24,2023,hindu,rural,all,137030,64.44,62.91,2.38,12.69
2023-24,2023,hindu,rural,female,69052,49.07,48.12,1.94,7.64
2023-24,2023,hindu,rural,male,67977,80.09,77.97,2.65,15.86
2023-24,2023,hindu,urban,all,100475,52.54,49.87,5.09,49.99
2023-24,2023,hindu,urban,female,49658,29.32,27.25,7.07,51.62
2023-24,2023,hindu,urban,male,50807,75.13,71.87,4.33,49.40
2023-24,2023,jain,all,all,793,54.49,53.34,2.12,21.78
2023-24,2023,jain,all,female,404,26.72,24.93,6.70,18.94
2023-24,2023,jain,all,male,389,82.29,81.77,0.63,22.64
2023-24,2023,jain,rural,all,134,60.73,60.55,0.30,6.95
2023-24,2023,jain,rural,female,68,35.30,35.30,0.00,4.83
2023-24,2023,jain,rural,male,66,85.04,84.69,0.41,7.80
2023-24,2023,jain,urban,all,659,51.70,50.11,3.07,29.78
2023-24,2023,jain,urban,female,336,23.01,20.44,11.14,29.47
2023-24,2023,jain,urban,male,323,81.02,80.43,0.73,29.86
2023-24,2023,muslim,all,all,46294,54.99,53.22,3.21,18.02
2023-24,2023,muslim,all,female,23163,30.21,29.12,3.60,10.92
2023-24,2023,muslim,all,male,23131,80.60,78.14,3.06,20.76
2023-24,2023,muslim,rural,all,23215,58.19,56.70,2.57,10.94
2023-24,2023,muslim,rural,female,11655,36.11,35.14,2.70,5.58
2023-24,2023,muslim,rural,male,11560,81.63,79.59,2.51,13.46
2023-24,2023,muslim,urban,all,23079,49.45,47.21,4.51,32.74
2023-24,2023,muslim,urban,female,11508,19.61,18.32,6.60,29.33
2023-24,2023,muslim,urban,male,11571,78.89,75.73,4.00,33.56
2023-24,2023,other,all,all,2334,73.33,70.99,3.20,15.29
2023-24,2023,other,all,female,1165,66.31,63.84,3.73,11.92
2023-24,2023,other,all,male,1169,80.32,78.10,2.76,18.02
2023-24,2023,other,rural,all,1431,77.81,75.93,2.42,7.39
2023-24,2023,other,rural,female,705,73.35,71.56,2.44,5.04
2023-24,2023,other,rural,male,726,82.16,80.18,2.41,9.44
2023-24,2023,other,urban,all,903,57.33,53.35,6.94,55.38
2023-24,2023,other,urban,female,460,42.41,37.62,11.28,56.41
2023-24,2023,other,urban,male,443,73.40,70.29,4.23,54.78
2023-24,2023,sikh,all,all,6691,56.08,52.81,5.84,26.72
2023-24,2023,sikh,all,female,3303,32.96,30.36,7.89,26.85
2023-24,2023,sikh,all,male,3388,79.21,75.26,4.98,26.67
2023-24,2023,sikh,rural,all,4258,58.58,55.22,5.74,21.35
2023-24,2023,sikh,rural,female,2076,36.35,33.71,7.24,20.36
2023-24,2023,sikh,rural,male,2182,80.51,76.43,5.07,21.78
2023-24,2023,sikh,urban,all,2433,48.77,45.76,6.19,45.70
2023-24,2023,sikh,urban,female,1227,23.31,20.80,10.75,56.88
2023-24,2023,sikh,urban,male,1206,75.30,71.75,4.71,42.32
