source_id,source_document,source_sha256_prefix,extraction_run,page,table,state_name,residence,all,hindu_all,hindu_sc_st,hindu_obc,hindu_general,muslim,all_others
sachar-committee-2006,sources/sachar-committee-2006/sachar-comm-report-india-2006.pdf,ecfad285a2c6ee94,sachar-mpce-by-state-extract-v1.0.0-20260610T085701Z,385,Appendix Table 8.2,All India,urban,1105,1139,793,955,1469,804,1485
sachar-committee-2006,sources/sachar-committee-2006/sachar-comm-report-india-2006.pdf,ecfad285a2c6ee94,sachar-mpce-by-state-extract-v1.0.0-20260610T085701Z,385,Appendix Table 8.2,West Bengal,urban,1159,1214,784,1008,1385,748,2585
sachar-committee-2006,sources/sachar-committee-2006/sachar-comm-report-india-2006.pdf,ecfad285a2c6ee94,sachar-mpce-by-state-extract-v1.0.0-20260610T085701Z,385,Appendix Table 8.2,Kerala,urban,1354,1363,836,1221,1883,1081,1670
sachar-committee-2006,sources/sachar-committee-2006/sachar-comm-report-india-2006.pdf,ecfad285a2c6ee94,sachar-mpce-by-state-extract-v1.0.0-20260610T085701Z,385,Appendix Table 8.2,Uttar Pradesh,urban,880,976,668,796,1311,662,1405
sachar-committee-2006,sources/sachar-committee-2006/sachar-comm-report-india-2006.pdf,ecfad285a2c6ee94,sachar-mpce-by-state-extract-v1.0.0-20260610T085701Z,385,Appendix Table 8.2,Bihar,urban,726,768,681,662,1027,559,708
sachar-committee-2006,sources/sachar-committee-2006/sachar-comm-report-india-2006.pdf,ecfad285a2c6ee94,sachar-mpce-by-state-extract-v1.0.0-20260610T085701Z,385,Appendix Table 8.2,Assam,urban,1131,1113,888,994,1265,1199,1198
sachar-committee-2006,sources/sachar-committee-2006/sachar-comm-report-india-2006.pdf,ecfad285a2c6ee94,sachar-mpce-by-state-extract-v1.0.0-20260610T085701Z,385,Appendix Table 8.2,Jammu Kashmir,urban,1115,1323,949,943,1489,991,1572
sachar-committee-2006,sources/sachar-committee-2006/sachar-comm-report-india-2006.pdf,ecfad285a2c6ee94,sachar-mpce-by-state-extract-v1.0.0-20260610T085701Z,385,Appendix Table 8.2,Jharkhand,urban,1017,1038,681,877,1433,727,995
sachar-committee-2006,sources/sachar-committee-2006/sachar-comm-report-india-2006.pdf,ecfad285a2c6ee94,sachar-mpce-by-state-extract-v1.0.0-20260610T085701Z,385,Appendix Table 8.2,Karnataka,urban,1138,1201,729,1007,1580,837,1501
sachar-committee-2006,sources/sachar-committee-2006/sachar-comm-report-india-2006.pdf,ecfad285a2c6ee94,sachar-mpce-by-state-extract-v1.0.0-20260610T085701Z,385,Appendix Table 8.2,Uttaranchal,urban,1028,1033,768,785,1175,753,2657
sachar-committee-2006,sources/sachar-committee-2006/sachar-comm-report-india-2006.pdf,ecfad285a2c6ee94,sachar-mpce-by-state-extract-v1.0.0-20260610T085701Z,385,Appendix Table 8.2,Delhi,urban,1419,1423,879,985,1788,1051,1924
sachar-committee-2006,sources/sachar-committee-2006/sachar-comm-report-india-2006.pdf,ecfad285a2c6ee94,sachar-mpce-by-state-extract-v1.0.0-20260610T085701Z,385,Appendix Table 8.2,Maharashtra,urban,1228,1278,934,1061,1548,921,1399
sachar-committee-2006,sources/sachar-committee-2006/sachar-comm-report-india-2006.pdf,ecfad285a2c6ee94,sachar-mpce-by-state-extract-v1.0.0-20260610T085701Z,385,Appendix Table 8.2,Andhra Pradesh,urban,1091,1134,851,970,1605,803,1195
sachar-committee-2006,sources/sachar-committee-2006/sachar-comm-report-india-2006.pdf,ecfad285a2c6ee94,sachar-mpce-by-state-extract-v1.0.0-20260610T085701Z,385,Appendix Table 8.2,Gujarat,urban,1206,1227,1045,905,1470,875,1754
sachar-committee-2006,sources/sachar-committee-2006/sachar-comm-report-india-2006.pdf,ecfad285a2c6ee94,sachar-mpce-by-state-extract-v1.0.0-20260610T085701Z,385,Appendix Table 8.2,Rajasthan,urban,945,979,744,871,1262,685,1254
sachar-committee-2006,sources/sachar-committee-2006/sachar-comm-report-india-2006.pdf,ecfad285a2c6ee94,sachar-mpce-by-state-extract-v1.0.0-20260610T085701Z,385,Appendix Table 8.2,Madhya Pradesh,urban,893,902,599,782,1232,669,1801
sachar-committee-2006,sources/sachar-committee-2006/sachar-comm-report-india-2006.pdf,ecfad285a2c6ee94,sachar-mpce-by-state-extract-v1.0.0-20260610T085701Z,385,Appendix Table 8.2,Haryana,urban,1183,1155,744,896,1420,1105,2151
sachar-committee-2006,sources/sachar-committee-2006/sachar-comm-report-india-2006.pdf,ecfad285a2c6ee94,sachar-mpce-by-state-extract-v1.0.0-20260610T085701Z,385,Appendix Table 8.2,Tamil Nadu,urban,1166,1166,739,1123,2311,1020,1355
sachar-committee-2006,sources/sachar-committee-2006/sachar-comm-report-india-2006.pdf,ecfad285a2c6ee94,sachar-mpce-by-state-extract-v1.0.0-20260610T085701Z,385,Appendix Table 8.2,Orissa,urban,790,795,558,697,1009,785,701
sachar-committee-2006,sources/sachar-committee-2006/sachar-comm-report-india-2006.pdf,ecfad285a2c6ee94,sachar-mpce-by-state-extract-v1.0.0-20260610T085701Z,385,Appendix Table 8.2,Himachal Pradesh,urban,1422,1487,1151,1116,1658,869,1393
sachar-committee-2006,sources/sachar-committee-2006/sachar-comm-report-india-2006.pdf,ecfad285a2c6ee94,sachar-mpce-by-state-extract-v1.0.0-20260610T085701Z,385,Appendix Table 8.2,Chattisgarh,urban,963,956,754,813,1396,590,1545
sachar-committee-2006,sources/sachar-committee-2006/sachar-comm-report-india-2006.pdf,ecfad285a2c6ee94,sachar-mpce-by-state-extract-v1.0.0-20260610T085701Z,385,Appendix Table 8.2,Punjab,urban,1306,1241,919,961,1483,811,1469
sachar-committee-2006,sources/sachar-committee-2006/sachar-comm-report-india-2006.pdf,ecfad285a2c6ee94,sachar-mpce-by-state-extract-v1.0.0-20260610T085701Z,385,Appendix Table 8.2,All other States,urban,1309,1294,908,994,1676,1112,1395
sachar-committee-2006,sources/sachar-committee-2006/sachar-comm-report-india-2006.pdf,ecfad285a2c6ee94,sachar-mpce-by-state-extract-v1.0.0-20260610T085701Z,386,Appendix Table 8.3,All India,rural,579,568,468,567,739,553,823
sachar-committee-2006,sources/sachar-committee-2006/sachar-comm-report-india-2006.pdf,ecfad285a2c6ee94,sachar-mpce-by-state-extract-v1.0.0-20260610T085701Z,386,Appendix Table 8.3,West Bengal,rural,576,610,534,652,705,501,492
sachar-committee-2006,sources/sachar-committee-2006/sachar-comm-report-india-2006.pdf,ecfad285a2c6ee94,sachar-mpce-by-state-extract-v1.0.0-20260610T085701Z,386,Appendix Table 8.3,Kerala,rural,1031,970,722,986,1165,968,1286
sachar-committee-2006,sources/sachar-committee-2006/sachar-comm-report-india-2006.pdf,ecfad285a2c6ee94,sachar-mpce-by-state-extract-v1.0.0-20260610T085701Z,386,Appendix Table 8.3,Uttar Pradesh,rural,539,544,465,544,696,509,620
sachar-committee-2006,sources/sachar-committee-2006/sachar-comm-report-india-2006.pdf,ecfad285a2c6ee94,sachar-mpce-by-state-extract-v1.0.0-20260610T085701Z,386,Appendix Table 8.3,Bihar,rural,445,448,371,456,571,426,543
sachar-committee-2006,sources/sachar-committee-2006/sachar-comm-report-india-2006.pdf,ecfad285a2c6ee94,sachar-mpce-by-state-extract-v1.0.0-20260610T085701Z,386,Appendix Table 8.3,Assam,rural,577,615,578,606,675,511,524
sachar-committee-2006,sources/sachar-committee-2006/sachar-comm-report-india-2006.pdf,ecfad285a2c6ee94,sachar-mpce-by-state-extract-v1.0.0-20260610T085701Z,386,Appendix Table 8.3,Jammu Kashmir,rural,805,840,796,863,873,776,1095
sachar-committee-2006,sources/sachar-committee-2006/sachar-comm-report-india-2006.pdf,ecfad285a2c6ee94,sachar-mpce-by-state-extract-v1.0.0-20260610T085701Z,386,Appendix Table 8.3,Jharkhand,rural,439,448,407,462,571,423,405
sachar-committee-2006,sources/sachar-committee-2006/sachar-comm-report-india-2006.pdf,ecfad285a2c6ee94,sachar-mpce-by-state-extract-v1.0.0-20260610T085701Z,386,Appendix Table 8.3,Karnataka,rural,543,526,440,538,599,532,1539
sachar-committee-2006,sources/sachar-committee-2006/sachar-comm-report-india-2006.pdf,ecfad285a2c6ee94,sachar-mpce-by-state-extract-v1.0.0-20260610T085701Z,386,Appendix Table 8.3,Uttaranchal,rural,649,652,579,632,697,600,718
sachar-committee-2006,sources/sachar-committee-2006/sachar-comm-report-india-2006.pdf,ecfad285a2c6ee94,sachar-mpce-by-state-extract-v1.0.0-20260610T085701Z,386,Appendix Table 8.3,Delhi,rural,1056,1023,796,781,1146,1696,1960
sachar-committee-2006,sources/sachar-committee-2006/sachar-comm-report-india-2006.pdf,ecfad285a2c6ee94,sachar-mpce-by-state-extract-v1.0.0-20260610T085701Z,386,Appendix Table 8.3,Maharashtra,rural,597,603,459,614,693,576,520
sachar-committee-2006,sources/sachar-committee-2006/sachar-comm-report-india-2006.pdf,ecfad285a2c6ee94,sachar-mpce-by-state-extract-v1.0.0-20260610T085701Z,386,Appendix Table 8.3,Andhra Pradesh,rural,604,604,490,593,786,610,572
sachar-committee-2006,sources/sachar-committee-2006/sachar-comm-report-india-2006.pdf,ecfad285a2c6ee94,sachar-mpce-by-state-extract-v1.0.0-20260610T085701Z,386,Appendix Table 8.3,Gujarat,rural,645,644,527,594,932,668,600
sachar-committee-2006,sources/sachar-committee-2006/sachar-comm-report-india-2006.pdf,ecfad285a2c6ee94,sachar-mpce-by-state-extract-v1.0.0-20260610T085701Z,386,Appendix Table 8.3,Rajasthan,rural,598,593,506,635,690,611,853
sachar-committee-2006,sources/sachar-committee-2006/sachar-comm-report-india-2006.pdf,ecfad285a2c6ee94,sachar-mpce-by-state-extract-v1.0.0-20260610T085701Z,386,Appendix Table 8.3,Madhya Pradesh,rural,461,458,373,492,640,475,1011
sachar-committee-2006,sources/sachar-committee-2006/sachar-comm-report-india-2006.pdf,ecfad285a2c6ee94,sachar-mpce-by-state-extract-v1.0.0-20260610T085701Z,386,Appendix Table 8.3,Haryana,rural,905,913,604,794,1225,605,965
sachar-committee-2006,sources/sachar-committee-2006/sachar-comm-report-india-2006.pdf,ecfad285a2c6ee94,sachar-mpce-by-state-extract-v1.0.0-20260610T085701Z,386,Appendix Table 8.3,Tamil Nadu,rural,602,597,492,632,940,724,640
sachar-committee-2006,sources/sachar-committee-2006/sachar-comm-report-india-2006.pdf,ecfad285a2c6ee94,sachar-mpce-by-state-extract-v1.0.0-20260610T085701Z,386,Appendix Table 8.3,Orissa,rural,422,424,340,455,562,447,312
sachar-committee-2006,sources/sachar-committee-2006/sachar-comm-report-india-2006.pdf,ecfad285a2c6ee94,sachar-mpce-by-state-extract-v1.0.0-20260610T085701Z,386,Appendix Table 8.3,Himachal Pradesh,rural,836,834,672,776,949,798,997
sachar-committee-2006,sources/sachar-committee-2006/sachar-comm-report-india-2006.pdf,ecfad285a2c6ee94,sachar-mpce-by-state-extract-v1.0.0-20260610T085701Z,386,Appendix Table 8.3,Chattisgarh,rural,445,445,408,471,555,473,451
sachar-committee-2006,sources/sachar-committee-2006/sachar-comm-report-india-2006.pdf,ecfad285a2c6ee94,sachar-mpce-by-state-extract-v1.0.0-20260610T085701Z,386,Appendix Table 8.3,Punjab,rural,905,852,732,802,1103,777,921
sachar-committee-2006,sources/sachar-committee-2006/sachar-comm-report-india-2006.pdf,ecfad285a2c6ee94,sachar-mpce-by-state-extract-v1.0.0-20260610T085701Z,386,Appendix Table 8.3,All other States,rural,707,650,535,684,774,621,782
