source_id,source_document,source_sha256_prefix,extraction_run,table_name,state_code,distt_code,tehsil_code,town_code,area_name,residence,religion,sex,value
census-india-2011,sources/census-2011/c-series/state-mdds/c01-34-puducherry.xls,988de29f40428b5f,census-c01-extract-v1.1.0-20260528T003618Z,C0101,34,000,00000,000000,State - PUDUCHERRY,total,all,persons,1247953
census-india-2011,sources/census-2011/c-series/state-mdds/c01-34-puducherry.xls,988de29f40428b5f,census-c01-extract-v1.1.0-20260528T003618Z,C0101,34,000,00000,000000,State - PUDUCHERRY,total,all,males,612511
census-india-2011,sources/census-2011/c-series/state-mdds/c01-34-puducherry.xls,988de29f40428b5f,census-c01-extract-v1.1.0-20260528T003618Z,C0101,34,000,00000,000000,State - PUDUCHERRY,total,all,females,635442
census-india-2011,sources/census-2011/c-series/state-mdds/c01-34-puducherry.xls,988de29f40428b5f,census-c01-extract-v1.1.0-20260528T003618Z,C0101,34,000,00000,000000,State - PUDUCHERRY,total,hindu,persons,1089409
census-india-2011,sources/census-2011/c-series/state-mdds/c01-34-puducherry.xls,988de29f40428b5f,census-c01-extract-v1.1.0-20260528T003618Z,C0101,34,000,00000,000000,State - PUDUCHERRY,total,hindu,males,536701
census-india-2011,sources/census-2011/c-series/state-mdds/c01-34-puducherry.xls,988de29f40428b5f,census-c01-extract-v1.1.0-20260528T003618Z,C0101,34,000,00000,000000,State - PUDUCHERRY,total,hindu,females,552708
census-india-2011,sources/census-2011/c-series/state-mdds/c01-34-puducherry.xls,988de29f40428b5f,census-c01-extract-v1.1.0-20260528T003618Z,C0101,34,000,00000,000000,State - PUDUCHERRY,total,muslim,persons,75556
census-india-2011,sources/census-2011/c-series/state-mdds/c01-34-puducherry.xls,988de29f40428b5f,census-c01-extract-v1.1.0-20260528T003618Z,C0101,34,000,00000,000000,State - PUDUCHERRY,total,muslim,males,36450
census-india-2011,sources/census-2011/c-series/state-mdds/c01-34-puducherry.xls,988de29f40428b5f,census-c01-extract-v1.1.0-20260528T003618Z,C0101,34,000,00000,000000,State - PUDUCHERRY,total,muslim,females,39106
census-india-2011,sources/census-2011/c-series/state-mdds/c01-34-puducherry.xls,988de29f40428b5f,census-c01-extract-v1.1.0-20260528T003618Z,C0101,34,000,00000,000000,State - PUDUCHERRY,total,christian,persons,78550
census-india-2011,sources/census-2011/c-series/state-mdds/c01-34-puducherry.xls,988de29f40428b5f,census-c01-extract-v1.1.0-20260528T003618Z,C0101,34,000,00000,000000,State - PUDUCHERRY,total,christian,males,37157
census-india-2011,sources/census-2011/c-series/state-mdds/c01-34-puducherry.xls,988de29f40428b5f,census-c01-extract-v1.1.0-20260528T003618Z,C0101,34,000,00000,000000,State - PUDUCHERRY,total,christian,females,41393
census-india-2011,sources/census-2011/c-series/state-mdds/c01-34-puducherry.xls,988de29f40428b5f,census-c01-extract-v1.1.0-20260528T003618Z,C0101,34,000,00000,000000,State - PUDUCHERRY,total,sikh,persons,297
census-india-2011,sources/census-2011/c-series/state-mdds/c01-34-puducherry.xls,988de29f40428b5f,census-c01-extract-v1.1.0-20260528T003618Z,C0101,34,000,00000,000000,State - PUDUCHERRY,total,sikh,males,156
census-india-2011,sources/census-2011/c-series/state-mdds/c01-34-puducherry.xls,988de29f40428b5f,census-c01-extract-v1.1.0-20260528T003618Z,C0101,34,000,00000,000000,State - PUDUCHERRY,total,sikh,females,141
census-india-2011,sources/census-2011/c-series/state-mdds/c01-34-puducherry.xls,988de29f40428b5f,census-c01-extract-v1.1.0-20260528T003618Z,C0101,34,000,00000,000000,State - PUDUCHERRY,total,buddhist,persons,451
census-india-2011,sources/census-2011/c-series/state-mdds/c01-34-puducherry.xls,988de29f40428b5f,census-c01-extract-v1.1.0-20260528T003618Z,C0101,34,000,00000,000000,State - PUDUCHERRY,total,buddhist,males,250
census-india-2011,sources/census-2011/c-series/state-mdds/c01-34-puducherry.xls,988de29f40428b5f,census-c01-extract-v1.1.0-20260528T003618Z,C0101,34,000,00000,000000,State - PUDUCHERRY,total,buddhist,females,201
census-india-2011,sources/census-2011/c-series/state-mdds/c01-34-puducherry.xls,988de29f40428b5f,census-c01-extract-v1.1.0-20260528T003618Z,C0101,34,000,00000,000000,State - PUDUCHERRY,total,jain,persons,1400
census-india-2011,sources/census-2011/c-series/state-mdds/c01-34-puducherry.xls,988de29f40428b5f,census-c01-extract-v1.1.0-20260528T003618Z,C0101,34,000,00000,000000,State - PUDUCHERRY,total,jain,males,702
census-india-2011,sources/census-2011/c-series/state-mdds/c01-34-puducherry.xls,988de29f40428b5f,census-c01-extract-v1.1.0-20260528T003618Z,C0101,34,000,00000,000000,State - PUDUCHERRY,total,jain,females,698
census-india-2011,sources/census-2011/c-series/state-mdds/c01-34-puducherry.xls,988de29f40428b5f,census-c01-extract-v1.1.0-20260528T003618Z,C0101,34,000,00000,000000,State - PUDUCHERRY,total,other,persons,168
census-india-2011,sources/census-2011/c-series/state-mdds/c01-34-puducherry.xls,988de29f40428b5f,census-c01-extract-v1.1.0-20260528T003618Z,C0101,34,000,00000,000000,State - PUDUCHERRY,total,other,males,88
census-india-2011,sources/census-2011/c-series/state-mdds/c01-34-puducherry.xls,988de29f40428b5f,census-c01-extract-v1.1.0-20260528T003618Z,C0101,34,000,00000,000000,State - PUDUCHERRY,total,other,females,80
census-india-2011,sources/census-2011/c-series/state-mdds/c01-34-puducherry.xls,988de29f40428b5f,census-c01-extract-v1.1.0-20260528T003618Z,C0101,34,000,00000,000000,State - PUDUCHERRY,total,not_stated,persons,2122
census-india-2011,sources/census-2011/c-series/state-mdds/c01-34-puducherry.xls,988de29f40428b5f,census-c01-extract-v1.1.0-20260528T003618Z,C0101,34,000,00000,000000,State - PUDUCHERRY,total,not_stated,males,1007
census-india-2011,sources/census-2011/c-series/state-mdds/c01-34-puducherry.xls,988de29f40428b5f,census-c01-extract-v1.1.0-20260528T003618Z,C0101,34,000,00000,000000,State - PUDUCHERRY,total,not_stated,females,1115
census-india-2011,sources/census-2011/c-series/state-mdds/c01-34-puducherry.xls,988de29f40428b5f,census-c01-extract-v1.1.0-20260528T003618Z,C0101,34,000,00000,000000,State - PUDUCHERRY,rural,all,persons,395200
census-india-2011,sources/census-2011/c-series/state-mdds/c01-34-puducherry.xls,988de29f40428b5f,census-c01-extract-v1.1.0-20260528T003618Z,C0101,34,000,00000,000000,State - PUDUCHERRY,rural,all,males,194907
census-india-2011,sources/census-2011/c-series/state-mdds/c01-34-puducherry.xls,988de29f40428b5f,census-c01-extract-v1.1.0-20260528T003618Z,C0101,34,000,00000,000000,State - PUDUCHERRY,rural,all,females,200293
census-india-2011,sources/census-2011/c-series/state-mdds/c01-34-puducherry.xls,988de29f40428b5f,census-c01-extract-v1.1.0-20260528T003618Z,C0101,34,000,00000,000000,State - PUDUCHERRY,rural,hindu,persons,370509
census-india-2011,sources/census-2011/c-series/state-mdds/c01-34-puducherry.xls,988de29f40428b5f,census-c01-extract-v1.1.0-20260528T003618Z,C0101,34,000,00000,000000,State - PUDUCHERRY,rural,hindu,males,182944
census-india-2011,sources/census-2011/c-series/state-mdds/c01-34-puducherry.xls,988de29f40428b5f,census-c01-extract-v1.1.0-20260528T003618Z,C0101,34,000,00000,000000,State - PUDUCHERRY,rural,hindu,females,187565
census-india-2011,sources/census-2011/c-series/state-mdds/c01-34-puducherry.xls,988de29f40428b5f,census-c01-extract-v1.1.0-20260528T003618Z,C0101,34,000,00000,000000,State - PUDUCHERRY,rural,muslim,persons,13132
census-india-2011,sources/census-2011/c-series/state-mdds/c01-34-puducherry.xls,988de29f40428b5f,census-c01-extract-v1.1.0-20260528T003618Z,C0101,34,000,00000,000000,State - PUDUCHERRY,rural,muslim,males,6362
census-india-2011,sources/census-2011/c-series/state-mdds/c01-34-puducherry.xls,988de29f40428b5f,census-c01-extract-v1.1.0-20260528T003618Z,C0101,34,000,00000,000000,State - PUDUCHERRY,rural,muslim,females,6770
census-india-2011,sources/census-2011/c-series/state-mdds/c01-34-puducherry.xls,988de29f40428b5f,census-c01-extract-v1.1.0-20260528T003618Z,C0101,34,000,00000,000000,State - PUDUCHERRY,rural,christian,persons,11065
census-india-2011,sources/census-2011/c-series/state-mdds/c01-34-puducherry.xls,988de29f40428b5f,census-c01-extract-v1.1.0-20260528T003618Z,C0101,34,000,00000,000000,State - PUDUCHERRY,rural,christian,males,5337
census-india-2011,sources/census-2011/c-series/state-mdds/c01-34-puducherry.xls,988de29f40428b5f,census-c01-extract-v1.1.0-20260528T003618Z,C0101,34,000,00000,000000,State - PUDUCHERRY,rural,christian,females,5728
census-india-2011,sources/census-2011/c-series/state-mdds/c01-34-puducherry.xls,988de29f40428b5f,census-c01-extract-v1.1.0-20260528T003618Z,C0101,34,000,00000,000000,State - PUDUCHERRY,rural,sikh,persons,97
census-india-2011,sources/census-2011/c-series/state-mdds/c01-34-puducherry.xls,988de29f40428b5f,census-c01-extract-v1.1.0-20260528T003618Z,C0101,34,000,00000,000000,State - PUDUCHERRY,rural,sikh,males,50
census-india-2011,sources/census-2011/c-series/state-mdds/c01-34-puducherry.xls,988de29f40428b5f,census-c01-extract-v1.1.0-20260528T003618Z,C0101,34,000,00000,000000,State - PUDUCHERRY,rural,sikh,females,47
census-india-2011,sources/census-2011/c-series/state-mdds/c01-34-puducherry.xls,988de29f40428b5f,census-c01-extract-v1.1.0-20260528T003618Z,C0101,34,000,00000,000000,State - PUDUCHERRY,rural,buddhist,persons,56
census-india-2011,sources/census-2011/c-series/state-mdds/c01-34-puducherry.xls,988de29f40428b5f,census-c01-extract-v1.1.0-20260528T003618Z,C0101,34,000,00000,000000,State - PUDUCHERRY,rural,buddhist,males,44
census-india-2011,sources/census-2011/c-series/state-mdds/c01-34-puducherry.xls,988de29f40428b5f,census-c01-extract-v1.1.0-20260528T003618Z,C0101,34,000,00000,000000,State - PUDUCHERRY,rural,buddhist,females,12
census-india-2011,sources/census-2011/c-series/state-mdds/c01-34-puducherry.xls,988de29f40428b5f,census-c01-extract-v1.1.0-20260528T003618Z,C0101,34,000,00000,000000,State - PUDUCHERRY,rural,jain,persons,45
census-india-2011,sources/census-2011/c-series/state-mdds/c01-34-puducherry.xls,988de29f40428b5f,census-c01-extract-v1.1.0-20260528T003618Z,C0101,34,000,00000,000000,State - PUDUCHERRY,rural,jain,males,18
census-india-2011,sources/census-2011/c-series/state-mdds/c01-34-puducherry.xls,988de29f40428b5f,census-c01-extract-v1.1.0-20260528T003618Z,C0101,34,000,00000,000000,State - PUDUCHERRY,rural,jain,females,27
census-india-2011,sources/census-2011/c-series/state-mdds/c01-34-puducherry.xls,988de29f40428b5f,census-c01-extract-v1.1.0-20260528T003618Z,C0101,34,000,00000,000000,State - PUDUCHERRY,rural,other,persons,39
census-india-2011,sources/census-2011/c-series/state-mdds/c01-34-puducherry.xls,988de29f40428b5f,census-c01-extract-v1.1.0-20260528T003618Z,C0101,34,000,00000,000000,State - PUDUCHERRY,rural,other,males,22
census-india-2011,sources/census-2011/c-series/state-mdds/c01-34-puducherry.xls,988de29f40428b5f,census-c01-extract-v1.1.0-20260528T003618Z,C0101,34,000,00000,000000,State - PUDUCHERRY,rural,other,females,17
census-india-2011,sources/census-2011/c-series/state-mdds/c01-34-puducherry.xls,988de29f40428b5f,census-c01-extract-v1.1.0-20260528T003618Z,C0101,34,000,00000,000000,State - PUDUCHERRY,rural,not_stated,persons,257
census-india-2011,sources/census-2011/c-series/state-mdds/c01-34-puducherry.xls,988de29f40428b5f,census-c01-extract-v1.1.0-20260528T003618Z,C0101,34,000,00000,000000,State - PUDUCHERRY,rural,not_stated,males,130
census-india-2011,sources/census-2011/c-series/state-mdds/c01-34-puducherry.xls,988de29f40428b5f,census-c01-extract-v1.1.0-20260528T003618Z,C0101,34,000,00000,000000,State - PUDUCHERRY,rural,not_stated,females,127
census-india-2011,sources/census-2011/c-series/state-mdds/c01-34-puducherry.xls,988de29f40428b5f,census-c01-extract-v1.1.0-20260528T003618Z,C0101,34,000,00000,000000,State - PUDUCHERRY,urban,all,persons,852753
census-india-2011,sources/census-2011/c-series/state-mdds/c01-34-puducherry.xls,988de29f40428b5f,census-c01-extract-v1.1.0-20260528T003618Z,C0101,34,000,00000,000000,State - PUDUCHERRY,urban,all,males,417604
census-india-2011,sources/census-2011/c-series/state-mdds/c01-34-puducherry.xls,988de29f40428b5f,census-c01-extract-v1.1.0-20260528T003618Z,C0101,34,000,00000,000000,State - PUDUCHERRY,urban,all,females,435149
census-india-2011,sources/census-2011/c-series/state-mdds/c01-34-puducherry.xls,988de29f40428b5f,census-c01-extract-v1.1.0-20260528T003618Z,C0101,34,000,00000,000000,State - PUDUCHERRY,urban,hindu,persons,718900
census-india-2011,sources/census-2011/c-series/state-mdds/c01-34-puducherry.xls,988de29f40428b5f,census-c01-extract-v1.1.0-20260528T003618Z,C0101,34,000,00000,000000,State - PUDUCHERRY,urban,hindu,males,353757
census-india-2011,sources/census-2011/c-series/state-mdds/c01-34-puducherry.xls,988de29f40428b5f,census-c01-extract-v1.1.0-20260528T003618Z,C0101,34,000,00000,000000,State - PUDUCHERRY,urban,hindu,females,365143
census-india-2011,sources/census-2011/c-series/state-mdds/c01-34-puducherry.xls,988de29f40428b5f,census-c01-extract-v1.1.0-20260528T003618Z,C0101,34,000,00000,000000,State - PUDUCHERRY,urban,muslim,persons,62424
census-india-2011,sources/census-2011/c-series/state-mdds/c01-34-puducherry.xls,988de29f40428b5f,census-c01-extract-v1.1.0-20260528T003618Z,C0101,34,000,00000,000000,State - PUDUCHERRY,urban,muslim,males,30088
census-india-2011,sources/census-2011/c-series/state-mdds/c01-34-puducherry.xls,988de29f40428b5f,census-c01-extract-v1.1.0-20260528T003618Z,C0101,34,000,00000,000000,State - PUDUCHERRY,urban,muslim,females,32336
census-india-2011,sources/census-2011/c-series/state-mdds/c01-34-puducherry.xls,988de29f40428b5f,census-c01-extract-v1.1.0-20260528T003618Z,C0101,34,000,00000,000000,State - PUDUCHERRY,urban,christian,persons,67485
census-india-2011,sources/census-2011/c-series/state-mdds/c01-34-puducherry.xls,988de29f40428b5f,census-c01-extract-v1.1.0-20260528T003618Z,C0101,34,000,00000,000000,State - PUDUCHERRY,urban,christian,males,31820
census-india-2011,sources/census-2011/c-series/state-mdds/c01-34-puducherry.xls,988de29f40428b5f,census-c01-extract-v1.1.0-20260528T003618Z,C0101,34,000,00000,000000,State - PUDUCHERRY,urban,christian,females,35665
census-india-2011,sources/census-2011/c-series/state-mdds/c01-34-puducherry.xls,988de29f40428b5f,census-c01-extract-v1.1.0-20260528T003618Z,C0101,34,000,00000,000000,State - PUDUCHERRY,urban,sikh,persons,200
census-india-2011,sources/census-2011/c-series/state-mdds/c01-34-puducherry.xls,988de29f40428b5f,census-c01-extract-v1.1.0-20260528T003618Z,C0101,34,000,00000,000000,State - PUDUCHERRY,urban,sikh,males,106
census-india-2011,sources/census-2011/c-series/state-mdds/c01-34-puducherry.xls,988de29f40428b5f,census-c01-extract-v1.1.0-20260528T003618Z,C0101,34,000,00000,000000,State - PUDUCHERRY,urban,sikh,females,94
census-india-2011,sources/census-2011/c-series/state-mdds/c01-34-puducherry.xls,988de29f40428b5f,census-c01-extract-v1.1.0-20260528T003618Z,C0101,34,000,00000,000000,State - PUDUCHERRY,urban,buddhist,persons,395
census-india-2011,sources/census-2011/c-series/state-mdds/c01-34-puducherry.xls,988de29f40428b5f,census-c01-extract-v1.1.0-20260528T003618Z,C0101,34,000,00000,000000,State - PUDUCHERRY,urban,buddhist,males,206
census-india-2011,sources/census-2011/c-series/state-mdds/c01-34-puducherry.xls,988de29f40428b5f,census-c01-extract-v1.1.0-20260528T003618Z,C0101,34,000,00000,000000,State - PUDUCHERRY,urban,buddhist,females,189
census-india-2011,sources/census-2011/c-series/state-mdds/c01-34-puducherry.xls,988de29f40428b5f,census-c01-extract-v1.1.0-20260528T003618Z,C0101,34,000,00000,000000,State - PUDUCHERRY,urban,jain,persons,1355
census-india-2011,sources/census-2011/c-series/state-mdds/c01-34-puducherry.xls,988de29f40428b5f,census-c01-extract-v1.1.0-20260528T003618Z,C0101,34,000,00000,000000,State - PUDUCHERRY,urban,jain,males,684
census-india-2011,sources/census-2011/c-series/state-mdds/c01-34-puducherry.xls,988de29f40428b5f,census-c01-extract-v1.1.0-20260528T003618Z,C0101,34,000,00000,000000,State - PUDUCHERRY,urban,jain,females,671
census-india-2011,sources/census-2011/c-series/state-mdds/c01-34-puducherry.xls,988de29f40428b5f,census-c01-extract-v1.1.0-20260528T003618Z,C0101,34,000,00000,000000,State - PUDUCHERRY,urban,other,persons,129
census-india-2011,sources/census-2011/c-series/state-mdds/c01-34-puducherry.xls,988de29f40428b5f,census-c01-extract-v1.1.0-20260528T003618Z,C0101,34,000,00000,000000,State - PUDUCHERRY,urban,other,males,66
census-india-2011,sources/census-2011/c-series/state-mdds/c01-34-puducherry.xls,988de29f40428b5f,census-c01-extract-v1.1.0-20260528T003618Z,C0101,34,000,00000,000000,State - PUDUCHERRY,urban,other,females,63
census-india-2011,sources/census-2011/c-series/state-mdds/c01-34-puducherry.xls,988de29f40428b5f,census-c01-extract-v1.1.0-20260528T003618Z,C0101,34,000,00000,000000,State - PUDUCHERRY,urban,not_stated,persons,1865
census-india-2011,sources/census-2011/c-series/state-mdds/c01-34-puducherry.xls,988de29f40428b5f,census-c01-extract-v1.1.0-20260528T003618Z,C0101,34,000,00000,000000,State - PUDUCHERRY,urban,not_stated,males,877
census-india-2011,sources/census-2011/c-series/state-mdds/c01-34-puducherry.xls,988de29f40428b5f,census-c01-extract-v1.1.0-20260528T003618Z,C0101,34,000,00000,000000,State - PUDUCHERRY,urban,not_stated,females,988
census-india-2011,sources/census-2011/c-series/state-mdds/c01-34-puducherry.xls,988de29f40428b5f,census-c01-extract-v1.1.0-20260528T003618Z,C0101,34,634,00000,000000,District - Yanam,total,all,persons,55626
census-india-2011,sources/census-2011/c-series/state-mdds/c01-34-puducherry.xls,988de29f40428b5f,census-c01-extract-v1.1.0-20260528T003618Z,C0101,34,634,00000,000000,District - Yanam,total,all,males,27301
census-india-2011,sources/census-2011/c-series/state-mdds/c01-34-puducherry.xls,988de29f40428b5f,census-c01-extract-v1.1.0-20260528T003618Z,C0101,34,634,00000,000000,District - Yanam,total,all,females,28325
census-india-2011,sources/census-2011/c-series/state-mdds/c01-34-puducherry.xls,988de29f40428b5f,census-c01-extract-v1.1.0-20260528T003618Z,C0101,34,634,00000,000000,District - Yanam,total,hindu,persons,53537
census-india-2011,sources/census-2011/c-series/state-mdds/c01-34-puducherry.xls,988de29f40428b5f,census-c01-extract-v1.1.0-20260528T003618Z,C0101,34,634,00000,000000,District - Yanam,total,hindu,males,26321
census-india-2011,sources/census-2011/c-series/state-mdds/c01-34-puducherry.xls,988de29f40428b5f,census-c01-extract-v1.1.0-20260528T003618Z,C0101,34,634,00000,000000,District - Yanam,total,hindu,females,27216
census-india-2011,sources/census-2011/c-series/state-mdds/c01-34-puducherry.xls,988de29f40428b5f,census-c01-extract-v1.1.0-20260528T003618Z,C0101,34,634,00000,000000,District - Yanam,total,muslim,persons,1191
census-india-2011,sources/census-2011/c-series/state-mdds/c01-34-puducherry.xls,988de29f40428b5f,census-c01-extract-v1.1.0-20260528T003618Z,C0101,34,634,00000,000000,District - Yanam,total,muslim,males,553
census-india-2011,sources/census-2011/c-series/state-mdds/c01-34-puducherry.xls,988de29f40428b5f,census-c01-extract-v1.1.0-20260528T003618Z,C0101,34,634,00000,000000,District - Yanam,total,muslim,females,638
census-india-2011,sources/census-2011/c-series/state-mdds/c01-34-puducherry.xls,988de29f40428b5f,census-c01-extract-v1.1.0-20260528T003618Z,C0101,34,634,00000,000000,District - Yanam,total,christian,persons,873
census-india-2011,sources/census-2011/c-series/state-mdds/c01-34-puducherry.xls,988de29f40428b5f,census-c01-extract-v1.1.0-20260528T003618Z,C0101,34,634,00000,000000,District - Yanam,total,christian,males,408
census-india-2011,sources/census-2011/c-series/state-mdds/c01-34-puducherry.xls,988de29f40428b5f,census-c01-extract-v1.1.0-20260528T003618Z,C0101,34,634,00000,000000,District - Yanam,total,christian,females,465
census-india-2011,sources/census-2011/c-series/state-mdds/c01-34-puducherry.xls,988de29f40428b5f,census-c01-extract-v1.1.0-20260528T003618Z,C0101,34,634,00000,000000,District - Yanam,total,sikh,persons,3
census-india-2011,sources/census-2011/c-series/state-mdds/c01-34-puducherry.xls,988de29f40428b5f,census-c01-extract-v1.1.0-20260528T003618Z,C0101,34,634,00000,000000,District - Yanam,total,sikh,males,3
census-india-2011,sources/census-2011/c-series/state-mdds/c01-34-puducherry.xls,988de29f40428b5f,census-c01-extract-v1.1.0-20260528T003618Z,C0101,34,634,00000,000000,District - Yanam,total,sikh,females,0
census-india-2011,sources/census-2011/c-series/state-mdds/c01-34-puducherry.xls,988de29f40428b5f,census-c01-extract-v1.1.0-20260528T003618Z,C0101,34,634,00000,000000,District - Yanam,total,buddhist,persons,1
census-india-2011,sources/census-2011/c-series/state-mdds/c01-34-puducherry.xls,988de29f40428b5f,census-c01-extract-v1.1.0-20260528T003618Z,C0101,34,634,00000,000000,District - Yanam,total,buddhist,males,1
census-india-2011,sources/census-2011/c-series/state-mdds/c01-34-puducherry.xls,988de29f40428b5f,census-c01-extract-v1.1.0-20260528T003618Z,C0101,34,634,00000,000000,District - Yanam,total,buddhist,females,0
census-india-2011,sources/census-2011/c-series/state-mdds/c01-34-puducherry.xls,988de29f40428b5f,census-c01-extract-v1.1.0-20260528T003618Z,C0101,34,634,00000,000000,District - Yanam,total,jain,persons,4
census-india-2011,sources/census-2011/c-series/state-mdds/c01-34-puducherry.xls,988de29f40428b5f,census-c01-extract-v1.1.0-20260528T003618Z,C0101,34,634,00000,000000,District - Yanam,total,jain,males,3
census-india-2011,sources/census-2011/c-series/state-mdds/c01-34-puducherry.xls,988de29f40428b5f,census-c01-extract-v1.1.0-20260528T003618Z,C0101,34,634,00000,000000,District - Yanam,total,jain,females,1
census-india-2011,sources/census-2011/c-series/state-mdds/c01-34-puducherry.xls,988de29f40428b5f,census-c01-extract-v1.1.0-20260528T003618Z,C0101,34,634,00000,000000,District - Yanam,total,other,persons,4
census-india-2011,sources/census-2011/c-series/state-mdds/c01-34-puducherry.xls,988de29f40428b5f,census-c01-extract-v1.1.0-20260528T003618Z,C0101,34,634,00000,000000,District - Yanam,total,other,males,3
census-india-2011,sources/census-2011/c-series/state-mdds/c01-34-puducherry.xls,988de29f40428b5f,census-c01-extract-v1.1.0-20260528T003618Z,C0101,34,634,00000,000000,District - Yanam,total,other,females,1
census-india-2011,sources/census-2011/c-series/state-mdds/c01-34-puducherry.xls,988de29f40428b5f,census-c01-extract-v1.1.0-20260528T003618Z,C0101,34,634,00000,000000,District - Yanam,total,not_stated,persons,13
census-india-2011,sources/census-2011/c-series/state-mdds/c01-34-puducherry.xls,988de29f40428b5f,census-c01-extract-v1.1.0-20260528T003618Z,C0101,34,634,00000,000000,District - Yanam,total,not_stated,males,9
census-india-2011,sources/census-2011/c-series/state-mdds/c01-34-puducherry.xls,988de29f40428b5f,census-c01-extract-v1.1.0-20260528T003618Z,C0101,34,634,00000,000000,District - Yanam,total,not_stated,females,4
census-india-2011,sources/census-2011/c-series/state-mdds/c01-34-puducherry.xls,988de29f40428b5f,census-c01-extract-v1.1.0-20260528T003618Z,C0101,34,634,00000,000000,District - Yanam,rural,all,persons,0
census-india-2011,sources/census-2011/c-series/state-mdds/c01-34-puducherry.xls,988de29f40428b5f,census-c01-extract-v1.1.0-20260528T003618Z,C0101,34,634,00000,000000,District - Yanam,rural,all,males,0
census-india-2011,sources/census-2011/c-series/state-mdds/c01-34-puducherry.xls,988de29f40428b5f,census-c01-extract-v1.1.0-20260528T003618Z,C0101,34,634,00000,000000,District - Yanam,rural,all,females,0
census-india-2011,sources/census-2011/c-series/state-mdds/c01-34-puducherry.xls,988de29f40428b5f,census-c01-extract-v1.1.0-20260528T003618Z,C0101,34,634,00000,000000,District - Yanam,rural,hindu,persons,0
census-india-2011,sources/census-2011/c-series/state-mdds/c01-34-puducherry.xls,988de29f40428b5f,census-c01-extract-v1.1.0-20260528T003618Z,C0101,34,634,00000,000000,District - Yanam,rural,hindu,males,0
census-india-2011,sources/census-2011/c-series/state-mdds/c01-34-puducherry.xls,988de29f40428b5f,census-c01-extract-v1.1.0-20260528T003618Z,C0101,34,634,00000,000000,District - Yanam,rural,hindu,females,0
census-india-2011,sources/census-2011/c-series/state-mdds/c01-34-puducherry.xls,988de29f40428b5f,census-c01-extract-v1.1.0-20260528T003618Z,C0101,34,634,00000,000000,District - Yanam,rural,muslim,persons,0
census-india-2011,sources/census-2011/c-series/state-mdds/c01-34-puducherry.xls,988de29f40428b5f,census-c01-extract-v1.1.0-20260528T003618Z,C0101,34,634,00000,000000,District - Yanam,rural,muslim,males,0
census-india-2011,sources/census-2011/c-series/state-mdds/c01-34-puducherry.xls,988de29f40428b5f,census-c01-extract-v1.1.0-20260528T003618Z,C0101,34,634,00000,000000,District - Yanam,rural,muslim,females,0
census-india-2011,sources/census-2011/c-series/state-mdds/c01-34-puducherry.xls,988de29f40428b5f,census-c01-extract-v1.1.0-20260528T003618Z,C0101,34,634,00000,000000,District - Yanam,rural,christian,persons,0
census-india-2011,sources/census-2011/c-series/state-mdds/c01-34-puducherry.xls,988de29f40428b5f,census-c01-extract-v1.1.0-20260528T003618Z,C0101,34,634,00000,000000,District - Yanam,rural,christian,males,0
census-india-2011,sources/census-2011/c-series/state-mdds/c01-34-puducherry.xls,988de29f40428b5f,census-c01-extract-v1.1.0-20260528T003618Z,C0101,34,634,00000,000000,District - Yanam,rural,christian,females,0
census-india-2011,sources/census-2011/c-series/state-mdds/c01-34-puducherry.xls,988de29f40428b5f,census-c01-extract-v1.1.0-20260528T003618Z,C0101,34,634,00000,000000,District - Yanam,rural,sikh,persons,0
census-india-2011,sources/census-2011/c-series/state-mdds/c01-34-puducherry.xls,988de29f40428b5f,census-c01-extract-v1.1.0-20260528T003618Z,C0101,34,634,00000,000000,District - Yanam,rural,sikh,males,0
census-india-2011,sources/census-2011/c-series/state-mdds/c01-34-puducherry.xls,988de29f40428b5f,census-c01-extract-v1.1.0-20260528T003618Z,C0101,34,634,00000,000000,District - Yanam,rural,sikh,females,0
census-india-2011,sources/census-2011/c-series/state-mdds/c01-34-puducherry.xls,988de29f40428b5f,census-c01-extract-v1.1.0-20260528T003618Z,C0101,34,634,00000,000000,District - Yanam,rural,buddhist,persons,0
census-india-2011,sources/census-2011/c-series/state-mdds/c01-34-puducherry.xls,988de29f40428b5f,census-c01-extract-v1.1.0-20260528T003618Z,C0101,34,634,00000,000000,District - Yanam,rural,buddhist,males,0
census-india-2011,sources/census-2011/c-series/state-mdds/c01-34-puducherry.xls,988de29f40428b5f,census-c01-extract-v1.1.0-20260528T003618Z,C0101,34,634,00000,000000,District - Yanam,rural,buddhist,females,0
census-india-2011,sources/census-2011/c-series/state-mdds/c01-34-puducherry.xls,988de29f40428b5f,census-c01-extract-v1.1.0-20260528T003618Z,C0101,34,634,00000,000000,District - Yanam,rural,jain,persons,0
census-india-2011,sources/census-2011/c-series/state-mdds/c01-34-puducherry.xls,988de29f40428b5f,census-c01-extract-v1.1.0-20260528T003618Z,C0101,34,634,00000,000000,District - Yanam,rural,jain,males,0
census-india-2011,sources/census-2011/c-series/state-mdds/c01-34-puducherry.xls,988de29f40428b5f,census-c01-extract-v1.1.0-20260528T003618Z,C0101,34,634,00000,000000,District - Yanam,rural,jain,females,0
census-india-2011,sources/census-2011/c-series/state-mdds/c01-34-puducherry.xls,988de29f40428b5f,census-c01-extract-v1.1.0-20260528T003618Z,C0101,34,634,00000,000000,District - Yanam,rural,other,persons,0
census-india-2011,sources/census-2011/c-series/state-mdds/c01-34-puducherry.xls,988de29f40428b5f,census-c01-extract-v1.1.0-20260528T003618Z,C0101,34,634,00000,000000,District - Yanam,rural,other,males,0
census-india-2011,sources/census-2011/c-series/state-mdds/c01-34-puducherry.xls,988de29f40428b5f,census-c01-extract-v1.1.0-20260528T003618Z,C0101,34,634,00000,000000,District - Yanam,rural,other,females,0
census-india-2011,sources/census-2011/c-series/state-mdds/c01-34-puducherry.xls,988de29f40428b5f,census-c01-extract-v1.1.0-20260528T003618Z,C0101,34,634,00000,000000,District - Yanam,rural,not_stated,persons,0
census-india-2011,sources/census-2011/c-series/state-mdds/c01-34-puducherry.xls,988de29f40428b5f,census-c01-extract-v1.1.0-20260528T003618Z,C0101,34,634,00000,000000,District - Yanam,rural,not_stated,males,0
census-india-2011,sources/census-2011/c-series/state-mdds/c01-34-puducherry.xls,988de29f40428b5f,census-c01-extract-v1.1.0-20260528T003618Z,C0101,34,634,00000,000000,District - Yanam,rural,not_stated,females,0
census-india-2011,sources/census-2011/c-series/state-mdds/c01-34-puducherry.xls,988de29f40428b5f,census-c01-extract-v1.1.0-20260528T003618Z,C0101,34,634,00000,000000,District - Yanam,urban,all,persons,55626
census-india-2011,sources/census-2011/c-series/state-mdds/c01-34-puducherry.xls,988de29f40428b5f,census-c01-extract-v1.1.0-20260528T003618Z,C0101,34,634,00000,000000,District - Yanam,urban,all,males,27301
census-india-2011,sources/census-2011/c-series/state-mdds/c01-34-puducherry.xls,988de29f40428b5f,census-c01-extract-v1.1.0-20260528T003618Z,C0101,34,634,00000,000000,District - Yanam,urban,all,females,28325
census-india-2011,sources/census-2011/c-series/state-mdds/c01-34-puducherry.xls,988de29f40428b5f,census-c01-extract-v1.1.0-20260528T003618Z,C0101,34,634,00000,000000,District - Yanam,urban,hindu,persons,53537
census-india-2011,sources/census-2011/c-series/state-mdds/c01-34-puducherry.xls,988de29f40428b5f,census-c01-extract-v1.1.0-20260528T003618Z,C0101,34,634,00000,000000,District - Yanam,urban,hindu,males,26321
census-india-2011,sources/census-2011/c-series/state-mdds/c01-34-puducherry.xls,988de29f40428b5f,census-c01-extract-v1.1.0-20260528T003618Z,C0101,34,634,00000,000000,District - Yanam,urban,hindu,females,27216
census-india-2011,sources/census-2011/c-series/state-mdds/c01-34-puducherry.xls,988de29f40428b5f,census-c01-extract-v1.1.0-20260528T003618Z,C0101,34,634,00000,000000,District - Yanam,urban,muslim,persons,1191
census-india-2011,sources/census-2011/c-series/state-mdds/c01-34-puducherry.xls,988de29f40428b5f,census-c01-extract-v1.1.0-20260528T003618Z,C0101,34,634,00000,000000,District - Yanam,urban,muslim,males,553
census-india-2011,sources/census-2011/c-series/state-mdds/c01-34-puducherry.xls,988de29f40428b5f,census-c01-extract-v1.1.0-20260528T003618Z,C0101,34,634,00000,000000,District - Yanam,urban,muslim,females,638
census-india-2011,sources/census-2011/c-series/state-mdds/c01-34-puducherry.xls,988de29f40428b5f,census-c01-extract-v1.1.0-20260528T003618Z,C0101,34,634,00000,000000,District - Yanam,urban,christian,persons,873
census-india-2011,sources/census-2011/c-series/state-mdds/c01-34-puducherry.xls,988de29f40428b5f,census-c01-extract-v1.1.0-20260528T003618Z,C0101,34,634,00000,000000,District - Yanam,urban,christian,males,408
census-india-2011,sources/census-2011/c-series/state-mdds/c01-34-puducherry.xls,988de29f40428b5f,census-c01-extract-v1.1.0-20260528T003618Z,C0101,34,634,00000,000000,District - Yanam,urban,christian,females,465
census-india-2011,sources/census-2011/c-series/state-mdds/c01-34-puducherry.xls,988de29f40428b5f,census-c01-extract-v1.1.0-20260528T003618Z,C0101,34,634,00000,000000,District - Yanam,urban,sikh,persons,3
census-india-2011,sources/census-2011/c-series/state-mdds/c01-34-puducherry.xls,988de29f40428b5f,census-c01-extract-v1.1.0-20260528T003618Z,C0101,34,634,00000,000000,District - Yanam,urban,sikh,males,3
census-india-2011,sources/census-2011/c-series/state-mdds/c01-34-puducherry.xls,988de29f40428b5f,census-c01-extract-v1.1.0-20260528T003618Z,C0101,34,634,00000,000000,District - Yanam,urban,sikh,females,0
census-india-2011,sources/census-2011/c-series/state-mdds/c01-34-puducherry.xls,988de29f40428b5f,census-c01-extract-v1.1.0-20260528T003618Z,C0101,34,634,00000,000000,District - Yanam,urban,buddhist,persons,1
census-india-2011,sources/census-2011/c-series/state-mdds/c01-34-puducherry.xls,988de29f40428b5f,census-c01-extract-v1.1.0-20260528T003618Z,C0101,34,634,00000,000000,District - Yanam,urban,buddhist,males,1
census-india-2011,sources/census-2011/c-series/state-mdds/c01-34-puducherry.xls,988de29f40428b5f,census-c01-extract-v1.1.0-20260528T003618Z,C0101,34,634,00000,000000,District - Yanam,urban,buddhist,females,0
census-india-2011,sources/census-2011/c-series/state-mdds/c01-34-puducherry.xls,988de29f40428b5f,census-c01-extract-v1.1.0-20260528T003618Z,C0101,34,634,00000,000000,District - Yanam,urban,jain,persons,4
census-india-2011,sources/census-2011/c-series/state-mdds/c01-34-puducherry.xls,988de29f40428b5f,census-c01-extract-v1.1.0-20260528T003618Z,C0101,34,634,00000,000000,District - Yanam,urban,jain,males,3
census-india-2011,sources/census-2011/c-series/state-mdds/c01-34-puducherry.xls,988de29f40428b5f,census-c01-extract-v1.1.0-20260528T003618Z,C0101,34,634,00000,000000,District - Yanam,urban,jain,females,1
census-india-2011,sources/census-2011/c-series/state-mdds/c01-34-puducherry.xls,988de29f40428b5f,census-c01-extract-v1.1.0-20260528T003618Z,C0101,34,634,00000,000000,District - Yanam,urban,other,persons,4
census-india-2011,sources/census-2011/c-series/state-mdds/c01-34-puducherry.xls,988de29f40428b5f,census-c01-extract-v1.1.0-20260528T003618Z,C0101,34,634,00000,000000,District - Yanam,urban,other,males,3
census-india-2011,sources/census-2011/c-series/state-mdds/c01-34-puducherry.xls,988de29f40428b5f,census-c01-extract-v1.1.0-20260528T003618Z,C0101,34,634,00000,000000,District - Yanam,urban,other,females,1
census-india-2011,sources/census-2011/c-series/state-mdds/c01-34-puducherry.xls,988de29f40428b5f,census-c01-extract-v1.1.0-20260528T003618Z,C0101,34,634,00000,000000,District - Yanam,urban,not_stated,persons,13
census-india-2011,sources/census-2011/c-series/state-mdds/c01-34-puducherry.xls,988de29f40428b5f,census-c01-extract-v1.1.0-20260528T003618Z,C0101,34,634,00000,000000,District - Yanam,urban,not_stated,males,9
census-india-2011,sources/census-2011/c-series/state-mdds/c01-34-puducherry.xls,988de29f40428b5f,census-c01-extract-v1.1.0-20260528T003618Z,C0101,34,634,00000,000000,District - Yanam,urban,not_stated,females,4
census-india-2011,sources/census-2011/c-series/state-mdds/c01-34-puducherry.xls,988de29f40428b5f,census-c01-extract-v1.1.0-20260528T003618Z,C0101,34,635,00000,000000,District - Puducherry,total,all,persons,950289
census-india-2011,sources/census-2011/c-series/state-mdds/c01-34-puducherry.xls,988de29f40428b5f,census-c01-extract-v1.1.0-20260528T003618Z,C0101,34,635,00000,000000,District - Puducherry,total,all,males,468258
census-india-2011,sources/census-2011/c-series/state-mdds/c01-34-puducherry.xls,988de29f40428b5f,census-c01-extract-v1.1.0-20260528T003618Z,C0101,34,635,00000,000000,District - Puducherry,total,all,females,482031
census-india-2011,sources/census-2011/c-series/state-mdds/c01-34-puducherry.xls,988de29f40428b5f,census-c01-extract-v1.1.0-20260528T003618Z,C0101,34,635,00000,000000,District - Puducherry,total,hindu,persons,855294
census-india-2011,sources/census-2011/c-series/state-mdds/c01-34-puducherry.xls,988de29f40428b5f,census-c01-extract-v1.1.0-20260528T003618Z,C0101,34,635,00000,000000,District - Puducherry,total,hindu,males,422698
census-india-2011,sources/census-2011/c-series/state-mdds/c01-34-puducherry.xls,988de29f40428b5f,census-c01-extract-v1.1.0-20260528T003618Z,C0101,34,635,00000,000000,District - Puducherry,total,hindu,females,432596
census-india-2011,sources/census-2011/c-series/state-mdds/c01-34-puducherry.xls,988de29f40428b5f,census-c01-extract-v1.1.0-20260528T003618Z,C0101,34,635,00000,000000,District - Puducherry,total,muslim,persons,32674
census-india-2011,sources/census-2011/c-series/state-mdds/c01-34-puducherry.xls,988de29f40428b5f,census-c01-extract-v1.1.0-20260528T003618Z,C0101,34,635,00000,000000,District - Puducherry,total,muslim,males,16057
census-india-2011,sources/census-2011/c-series/state-mdds/c01-34-puducherry.xls,988de29f40428b5f,census-c01-extract-v1.1.0-20260528T003618Z,C0101,34,635,00000,000000,District - Puducherry,total,muslim,females,16617
census-india-2011,sources/census-2011/c-series/state-mdds/c01-34-puducherry.xls,988de29f40428b5f,census-c01-extract-v1.1.0-20260528T003618Z,C0101,34,635,00000,000000,District - Puducherry,total,christian,persons,58328
census-india-2011,sources/census-2011/c-series/state-mdds/c01-34-puducherry.xls,988de29f40428b5f,census-c01-extract-v1.1.0-20260528T003618Z,C0101,34,635,00000,000000,District - Puducherry,total,christian,males,27528
census-india-2011,sources/census-2011/c-series/state-mdds/c01-34-puducherry.xls,988de29f40428b5f,census-c01-extract-v1.1.0-20260528T003618Z,C0101,34,635,00000,000000,District - Puducherry,total,christian,females,30800
census-india-2011,sources/census-2011/c-series/state-mdds/c01-34-puducherry.xls,988de29f40428b5f,census-c01-extract-v1.1.0-20260528T003618Z,C0101,34,635,00000,000000,District - Puducherry,total,sikh,persons,245
census-india-2011,sources/census-2011/c-series/state-mdds/c01-34-puducherry.xls,988de29f40428b5f,census-c01-extract-v1.1.0-20260528T003618Z,C0101,34,635,00000,000000,District - Puducherry,total,sikh,males,129
census-india-2011,sources/census-2011/c-series/state-mdds/c01-34-puducherry.xls,988de29f40428b5f,census-c01-extract-v1.1.0-20260528T003618Z,C0101,34,635,00000,000000,District - Puducherry,total,sikh,females,116
census-india-2011,sources/census-2011/c-series/state-mdds/c01-34-puducherry.xls,988de29f40428b5f,census-c01-extract-v1.1.0-20260528T003618Z,C0101,34,635,00000,000000,District - Puducherry,total,buddhist,persons,366
census-india-2011,sources/census-2011/c-series/state-mdds/c01-34-puducherry.xls,988de29f40428b5f,census-c01-extract-v1.1.0-20260528T003618Z,C0101,34,635,00000,000000,District - Puducherry,total,buddhist,males,195
census-india-2011,sources/census-2011/c-series/state-mdds/c01-34-puducherry.xls,988de29f40428b5f,census-c01-extract-v1.1.0-20260528T003618Z,C0101,34,635,00000,000000,District - Puducherry,total,buddhist,females,171
census-india-2011,sources/census-2011/c-series/state-mdds/c01-34-puducherry.xls,988de29f40428b5f,census-c01-extract-v1.1.0-20260528T003618Z,C0101,34,635,00000,000000,District - Puducherry,total,jain,persons,1328
census-india-2011,sources/census-2011/c-series/state-mdds/c01-34-puducherry.xls,988de29f40428b5f,census-c01-extract-v1.1.0-20260528T003618Z,C0101,34,635,00000,000000,District - Puducherry,total,jain,males,671
census-india-2011,sources/census-2011/c-series/state-mdds/c01-34-puducherry.xls,988de29f40428b5f,census-c01-extract-v1.1.0-20260528T003618Z,C0101,34,635,00000,000000,District - Puducherry,total,jain,females,657
census-india-2011,sources/census-2011/c-series/state-mdds/c01-34-puducherry.xls,988de29f40428b5f,census-c01-extract-v1.1.0-20260528T003618Z,C0101,34,635,00000,000000,District - Puducherry,total,other,persons,147
census-india-2011,sources/census-2011/c-series/state-mdds/c01-34-puducherry.xls,988de29f40428b5f,census-c01-extract-v1.1.0-20260528T003618Z,C0101,34,635,00000,000000,District - Puducherry,total,other,males,78
census-india-2011,sources/census-2011/c-series/state-mdds/c01-34-puducherry.xls,988de29f40428b5f,census-c01-extract-v1.1.0-20260528T003618Z,C0101,34,635,00000,000000,District - Puducherry,total,other,females,69
census-india-2011,sources/census-2011/c-series/state-mdds/c01-34-puducherry.xls,988de29f40428b5f,census-c01-extract-v1.1.0-20260528T003618Z,C0101,34,635,00000,000000,District - Puducherry,total,not_stated,persons,1907
census-india-2011,sources/census-2011/c-series/state-mdds/c01-34-puducherry.xls,988de29f40428b5f,census-c01-extract-v1.1.0-20260528T003618Z,C0101,34,635,00000,000000,District - Puducherry,total,not_stated,males,902
census-india-2011,sources/census-2011/c-series/state-mdds/c01-34-puducherry.xls,988de29f40428b5f,census-c01-extract-v1.1.0-20260528T003618Z,C0101,34,635,00000,000000,District - Puducherry,total,not_stated,females,1005
census-india-2011,sources/census-2011/c-series/state-mdds/c01-34-puducherry.xls,988de29f40428b5f,census-c01-extract-v1.1.0-20260528T003618Z,C0101,34,635,00000,000000,District - Puducherry,rural,all,persons,293080
census-india-2011,sources/census-2011/c-series/state-mdds/c01-34-puducherry.xls,988de29f40428b5f,census-c01-extract-v1.1.0-20260528T003618Z,C0101,34,635,00000,000000,District - Puducherry,rural,all,males,144769
census-india-2011,sources/census-2011/c-series/state-mdds/c01-34-puducherry.xls,988de29f40428b5f,census-c01-extract-v1.1.0-20260528T003618Z,C0101,34,635,00000,000000,District - Puducherry,rural,all,females,148311
census-india-2011,sources/census-2011/c-series/state-mdds/c01-34-puducherry.xls,988de29f40428b5f,census-c01-extract-v1.1.0-20260528T003618Z,C0101,34,635,00000,000000,District - Puducherry,rural,hindu,persons,285348
census-india-2011,sources/census-2011/c-series/state-mdds/c01-34-puducherry.xls,988de29f40428b5f,census-c01-extract-v1.1.0-20260528T003618Z,C0101,34,635,00000,000000,District - Puducherry,rural,hindu,males,140979
census-india-2011,sources/census-2011/c-series/state-mdds/c01-34-puducherry.xls,988de29f40428b5f,census-c01-extract-v1.1.0-20260528T003618Z,C0101,34,635,00000,000000,District - Puducherry,rural,hindu,females,144369
census-india-2011,sources/census-2011/c-series/state-mdds/c01-34-puducherry.xls,988de29f40428b5f,census-c01-extract-v1.1.0-20260528T003618Z,C0101,34,635,00000,000000,District - Puducherry,rural,muslim,persons,4719
census-india-2011,sources/census-2011/c-series/state-mdds/c01-34-puducherry.xls,988de29f40428b5f,census-c01-extract-v1.1.0-20260528T003618Z,C0101,34,635,00000,000000,District - Puducherry,rural,muslim,males,2323
census-india-2011,sources/census-2011/c-series/state-mdds/c01-34-puducherry.xls,988de29f40428b5f,census-c01-extract-v1.1.0-20260528T003618Z,C0101,34,635,00000,000000,District - Puducherry,rural,muslim,females,2396
census-india-2011,sources/census-2011/c-series/state-mdds/c01-34-puducherry.xls,988de29f40428b5f,census-c01-extract-v1.1.0-20260528T003618Z,C0101,34,635,00000,000000,District - Puducherry,rural,christian,persons,2679
census-india-2011,sources/census-2011/c-series/state-mdds/c01-34-puducherry.xls,988de29f40428b5f,census-c01-extract-v1.1.0-20260528T003618Z,C0101,34,635,00000,000000,District - Puducherry,rural,christian,males,1287
census-india-2011,sources/census-2011/c-series/state-mdds/c01-34-puducherry.xls,988de29f40428b5f,census-c01-extract-v1.1.0-20260528T003618Z,C0101,34,635,00000,000000,District - Puducherry,rural,christian,females,1392
census-india-2011,sources/census-2011/c-series/state-mdds/c01-34-puducherry.xls,988de29f40428b5f,census-c01-extract-v1.1.0-20260528T003618Z,C0101,34,635,00000,000000,District - Puducherry,rural,sikh,persons,71
census-india-2011,sources/census-2011/c-series/state-mdds/c01-34-puducherry.xls,988de29f40428b5f,census-c01-extract-v1.1.0-20260528T003618Z,C0101,34,635,00000,000000,District - Puducherry,rural,sikh,males,37
census-india-2011,sources/census-2011/c-series/state-mdds/c01-34-puducherry.xls,988de29f40428b5f,census-c01-extract-v1.1.0-20260528T003618Z,C0101,34,635,00000,000000,District - Puducherry,rural,sikh,females,34
census-india-2011,sources/census-2011/c-series/state-mdds/c01-34-puducherry.xls,988de29f40428b5f,census-c01-extract-v1.1.0-20260528T003618Z,C0101,34,635,00000,000000,District - Puducherry,rural,buddhist,persons,20
census-india-2011,sources/census-2011/c-series/state-mdds/c01-34-puducherry.xls,988de29f40428b5f,census-c01-extract-v1.1.0-20260528T003618Z,C0101,34,635,00000,000000,District - Puducherry,rural,buddhist,males,14
census-india-2011,sources/census-2011/c-series/state-mdds/c01-34-puducherry.xls,988de29f40428b5f,census-c01-extract-v1.1.0-20260528T003618Z,C0101,34,635,00000,000000,District - Puducherry,rural,buddhist,females,6
census-india-2011,sources/census-2011/c-series/state-mdds/c01-34-puducherry.xls,988de29f40428b5f,census-c01-extract-v1.1.0-20260528T003618Z,C0101,34,635,00000,000000,District - Puducherry,rural,jain,persons,31
census-india-2011,sources/census-2011/c-series/state-mdds/c01-34-puducherry.xls,988de29f40428b5f,census-c01-extract-v1.1.0-20260528T003618Z,C0101,34,635,00000,000000,District - Puducherry,rural,jain,males,14
census-india-2011,sources/census-2011/c-series/state-mdds/c01-34-puducherry.xls,988de29f40428b5f,census-c01-extract-v1.1.0-20260528T003618Z,C0101,34,635,00000,000000,District - Puducherry,rural,jain,females,17
census-india-2011,sources/census-2011/c-series/state-mdds/c01-34-puducherry.xls,988de29f40428b5f,census-c01-extract-v1.1.0-20260528T003618Z,C0101,34,635,00000,000000,District - Puducherry,rural,other,persons,33
census-india-2011,sources/census-2011/c-series/state-mdds/c01-34-puducherry.xls,988de29f40428b5f,census-c01-extract-v1.1.0-20260528T003618Z,C0101,34,635,00000,000000,District - Puducherry,rural,other,males,19
census-india-2011,sources/census-2011/c-series/state-mdds/c01-34-puducherry.xls,988de29f40428b5f,census-c01-extract-v1.1.0-20260528T003618Z,C0101,34,635,00000,000000,District - Puducherry,rural,other,females,14
census-india-2011,sources/census-2011/c-series/state-mdds/c01-34-puducherry.xls,988de29f40428b5f,census-c01-extract-v1.1.0-20260528T003618Z,C0101,34,635,00000,000000,District - Puducherry,rural,not_stated,persons,179
census-india-2011,sources/census-2011/c-series/state-mdds/c01-34-puducherry.xls,988de29f40428b5f,census-c01-extract-v1.1.0-20260528T003618Z,C0101,34,635,00000,000000,District - Puducherry,rural,not_stated,males,96
census-india-2011,sources/census-2011/c-series/state-mdds/c01-34-puducherry.xls,988de29f40428b5f,census-c01-extract-v1.1.0-20260528T003618Z,C0101,34,635,00000,000000,District - Puducherry,rural,not_stated,females,83
census-india-2011,sources/census-2011/c-series/state-mdds/c01-34-puducherry.xls,988de29f40428b5f,census-c01-extract-v1.1.0-20260528T003618Z,C0101,34,635,00000,000000,District - Puducherry,urban,all,persons,657209
census-india-2011,sources/census-2011/c-series/state-mdds/c01-34-puducherry.xls,988de29f40428b5f,census-c01-extract-v1.1.0-20260528T003618Z,C0101,34,635,00000,000000,District - Puducherry,urban,all,males,323489
census-india-2011,sources/census-2011/c-series/state-mdds/c01-34-puducherry.xls,988de29f40428b5f,census-c01-extract-v1.1.0-20260528T003618Z,C0101,34,635,00000,000000,District - Puducherry,urban,all,females,333720
census-india-2011,sources/census-2011/c-series/state-mdds/c01-34-puducherry.xls,988de29f40428b5f,census-c01-extract-v1.1.0-20260528T003618Z,C0101,34,635,00000,000000,District - Puducherry,urban,hindu,persons,569946
census-india-2011,sources/census-2011/c-series/state-mdds/c01-34-puducherry.xls,988de29f40428b5f,census-c01-extract-v1.1.0-20260528T003618Z,C0101,34,635,00000,000000,District - Puducherry,urban,hindu,males,281719
census-india-2011,sources/census-2011/c-series/state-mdds/c01-34-puducherry.xls,988de29f40428b5f,census-c01-extract-v1.1.0-20260528T003618Z,C0101,34,635,00000,000000,District - Puducherry,urban,hindu,females,288227
census-india-2011,sources/census-2011/c-series/state-mdds/c01-34-puducherry.xls,988de29f40428b5f,census-c01-extract-v1.1.0-20260528T003618Z,C0101,34,635,00000,000000,District - Puducherry,urban,muslim,persons,27955
census-india-2011,sources/census-2011/c-series/state-mdds/c01-34-puducherry.xls,988de29f40428b5f,census-c01-extract-v1.1.0-20260528T003618Z,C0101,34,635,00000,000000,District - Puducherry,urban,muslim,males,13734
census-india-2011,sources/census-2011/c-series/state-mdds/c01-34-puducherry.xls,988de29f40428b5f,census-c01-extract-v1.1.0-20260528T003618Z,C0101,34,635,00000,000000,District - Puducherry,urban,muslim,females,14221
census-india-2011,sources/census-2011/c-series/state-mdds/c01-34-puducherry.xls,988de29f40428b5f,census-c01-extract-v1.1.0-20260528T003618Z,C0101,34,635,00000,000000,District - Puducherry,urban,christian,persons,55649
census-india-2011,sources/census-2011/c-series/state-mdds/c01-34-puducherry.xls,988de29f40428b5f,census-c01-extract-v1.1.0-20260528T003618Z,C0101,34,635,00000,000000,District - Puducherry,urban,christian,males,26241
census-india-2011,sources/census-2011/c-series/state-mdds/c01-34-puducherry.xls,988de29f40428b5f,census-c01-extract-v1.1.0-20260528T003618Z,C0101,34,635,00000,000000,District - Puducherry,urban,christian,females,29408
census-india-2011,sources/census-2011/c-series/state-mdds/c01-34-puducherry.xls,988de29f40428b5f,census-c01-extract-v1.1.0-20260528T003618Z,C0101,34,635,00000,000000,District - Puducherry,urban,sikh,persons,174
census-india-2011,sources/census-2011/c-series/state-mdds/c01-34-puducherry.xls,988de29f40428b5f,census-c01-extract-v1.1.0-20260528T003618Z,C0101,34,635,00000,000000,District - Puducherry,urban,sikh,males,92
census-india-2011,sources/census-2011/c-series/state-mdds/c01-34-puducherry.xls,988de29f40428b5f,census-c01-extract-v1.1.0-20260528T003618Z,C0101,34,635,00000,000000,District - Puducherry,urban,sikh,females,82
census-india-2011,sources/census-2011/c-series/state-mdds/c01-34-puducherry.xls,988de29f40428b5f,census-c01-extract-v1.1.0-20260528T003618Z,C0101,34,635,00000,000000,District - Puducherry,urban,buddhist,persons,346
census-india-2011,sources/census-2011/c-series/state-mdds/c01-34-puducherry.xls,988de29f40428b5f,census-c01-extract-v1.1.0-20260528T003618Z,C0101,34,635,00000,000000,District - Puducherry,urban,buddhist,males,181
census-india-2011,sources/census-2011/c-series/state-mdds/c01-34-puducherry.xls,988de29f40428b5f,census-c01-extract-v1.1.0-20260528T003618Z,C0101,34,635,00000,000000,District - Puducherry,urban,buddhist,females,165
census-india-2011,sources/census-2011/c-series/state-mdds/c01-34-puducherry.xls,988de29f40428b5f,census-c01-extract-v1.1.0-20260528T003618Z,C0101,34,635,00000,000000,District - Puducherry,urban,jain,persons,1297
census-india-2011,sources/census-2011/c-series/state-mdds/c01-34-puducherry.xls,988de29f40428b5f,census-c01-extract-v1.1.0-20260528T003618Z,C0101,34,635,00000,000000,District - Puducherry,urban,jain,males,657
census-india-2011,sources/census-2011/c-series/state-mdds/c01-34-puducherry.xls,988de29f40428b5f,census-c01-extract-v1.1.0-20260528T003618Z,C0101,34,635,00000,000000,District - Puducherry,urban,jain,females,640
census-india-2011,sources/census-2011/c-series/state-mdds/c01-34-puducherry.xls,988de29f40428b5f,census-c01-extract-v1.1.0-20260528T003618Z,C0101,34,635,00000,000000,District - Puducherry,urban,other,persons,114
census-india-2011,sources/census-2011/c-series/state-mdds/c01-34-puducherry.xls,988de29f40428b5f,census-c01-extract-v1.1.0-20260528T003618Z,C0101,34,635,00000,000000,District - Puducherry,urban,other,males,59
census-india-2011,sources/census-2011/c-series/state-mdds/c01-34-puducherry.xls,988de29f40428b5f,census-c01-extract-v1.1.0-20260528T003618Z,C0101,34,635,00000,000000,District - Puducherry,urban,other,females,55
census-india-2011,sources/census-2011/c-series/state-mdds/c01-34-puducherry.xls,988de29f40428b5f,census-c01-extract-v1.1.0-20260528T003618Z,C0101,34,635,00000,000000,District - Puducherry,urban,not_stated,persons,1728
census-india-2011,sources/census-2011/c-series/state-mdds/c01-34-puducherry.xls,988de29f40428b5f,census-c01-extract-v1.1.0-20260528T003618Z,C0101,34,635,00000,000000,District - Puducherry,urban,not_stated,males,806
census-india-2011,sources/census-2011/c-series/state-mdds/c01-34-puducherry.xls,988de29f40428b5f,census-c01-extract-v1.1.0-20260528T003618Z,C0101,34,635,00000,000000,District - Puducherry,urban,not_stated,females,922
census-india-2011,sources/census-2011/c-series/state-mdds/c01-34-puducherry.xls,988de29f40428b5f,census-c01-extract-v1.1.0-20260528T003618Z,C0101,34,636,00000,000000,District - Mahe,total,all,persons,41816
census-india-2011,sources/census-2011/c-series/state-mdds/c01-34-puducherry.xls,988de29f40428b5f,census-c01-extract-v1.1.0-20260528T003618Z,C0101,34,636,00000,000000,District - Mahe,total,all,males,19143
census-india-2011,sources/census-2011/c-series/state-mdds/c01-34-puducherry.xls,988de29f40428b5f,census-c01-extract-v1.1.0-20260528T003618Z,C0101,34,636,00000,000000,District - Mahe,total,all,females,22673
census-india-2011,sources/census-2011/c-series/state-mdds/c01-34-puducherry.xls,988de29f40428b5f,census-c01-extract-v1.1.0-20260528T003618Z,C0101,34,636,00000,000000,District - Mahe,total,hindu,persons,27940
census-india-2011,sources/census-2011/c-series/state-mdds/c01-34-puducherry.xls,988de29f40428b5f,census-c01-extract-v1.1.0-20260528T003618Z,C0101,34,636,00000,000000,District - Mahe,total,hindu,males,12679
census-india-2011,sources/census-2011/c-series/state-mdds/c01-34-puducherry.xls,988de29f40428b5f,census-c01-extract-v1.1.0-20260528T003618Z,C0101,34,636,00000,000000,District - Mahe,total,hindu,females,15261
census-india-2011,sources/census-2011/c-series/state-mdds/c01-34-puducherry.xls,988de29f40428b5f,census-c01-extract-v1.1.0-20260528T003618Z,C0101,34,636,00000,000000,District - Mahe,total,muslim,persons,12856
census-india-2011,sources/census-2011/c-series/state-mdds/c01-34-puducherry.xls,988de29f40428b5f,census-c01-extract-v1.1.0-20260528T003618Z,C0101,34,636,00000,000000,District - Mahe,total,muslim,males,5986
census-india-2011,sources/census-2011/c-series/state-mdds/c01-34-puducherry.xls,988de29f40428b5f,census-c01-extract-v1.1.0-20260528T003618Z,C0101,34,636,00000,000000,District - Mahe,total,muslim,females,6870
census-india-2011,sources/census-2011/c-series/state-mdds/c01-34-puducherry.xls,988de29f40428b5f,census-c01-extract-v1.1.0-20260528T003618Z,C0101,34,636,00000,000000,District - Mahe,total,christian,persons,958
census-india-2011,sources/census-2011/c-series/state-mdds/c01-34-puducherry.xls,988de29f40428b5f,census-c01-extract-v1.1.0-20260528T003618Z,C0101,34,636,00000,000000,District - Mahe,total,christian,males,448
census-india-2011,sources/census-2011/c-series/state-mdds/c01-34-puducherry.xls,988de29f40428b5f,census-c01-extract-v1.1.0-20260528T003618Z,C0101,34,636,00000,000000,District - Mahe,total,christian,females,510
census-india-2011,sources/census-2011/c-series/state-mdds/c01-34-puducherry.xls,988de29f40428b5f,census-c01-extract-v1.1.0-20260528T003618Z,C0101,34,636,00000,000000,District - Mahe,total,sikh,persons,3
census-india-2011,sources/census-2011/c-series/state-mdds/c01-34-puducherry.xls,988de29f40428b5f,census-c01-extract-v1.1.0-20260528T003618Z,C0101,34,636,00000,000000,District - Mahe,total,sikh,males,2
census-india-2011,sources/census-2011/c-series/state-mdds/c01-34-puducherry.xls,988de29f40428b5f,census-c01-extract-v1.1.0-20260528T003618Z,C0101,34,636,00000,000000,District - Mahe,total,sikh,females,1
census-india-2011,sources/census-2011/c-series/state-mdds/c01-34-puducherry.xls,988de29f40428b5f,census-c01-extract-v1.1.0-20260528T003618Z,C0101,34,636,00000,000000,District - Mahe,total,buddhist,persons,21
census-india-2011,sources/census-2011/c-series/state-mdds/c01-34-puducherry.xls,988de29f40428b5f,census-c01-extract-v1.1.0-20260528T003618Z,C0101,34,636,00000,000000,District - Mahe,total,buddhist,males,8
census-india-2011,sources/census-2011/c-series/state-mdds/c01-34-puducherry.xls,988de29f40428b5f,census-c01-extract-v1.1.0-20260528T003618Z,C0101,34,636,00000,000000,District - Mahe,total,buddhist,females,13
census-india-2011,sources/census-2011/c-series/state-mdds/c01-34-puducherry.xls,988de29f40428b5f,census-c01-extract-v1.1.0-20260528T003618Z,C0101,34,636,00000,000000,District - Mahe,total,jain,persons,14
census-india-2011,sources/census-2011/c-series/state-mdds/c01-34-puducherry.xls,988de29f40428b5f,census-c01-extract-v1.1.0-20260528T003618Z,C0101,34,636,00000,000000,District - Mahe,total,jain,males,7
census-india-2011,sources/census-2011/c-series/state-mdds/c01-34-puducherry.xls,988de29f40428b5f,census-c01-extract-v1.1.0-20260528T003618Z,C0101,34,636,00000,000000,District - Mahe,total,jain,females,7
census-india-2011,sources/census-2011/c-series/state-mdds/c01-34-puducherry.xls,988de29f40428b5f,census-c01-extract-v1.1.0-20260528T003618Z,C0101,34,636,00000,000000,District - Mahe,total,other,persons,3
census-india-2011,sources/census-2011/c-series/state-mdds/c01-34-puducherry.xls,988de29f40428b5f,census-c01-extract-v1.1.0-20260528T003618Z,C0101,34,636,00000,000000,District - Mahe,total,other,males,2
census-india-2011,sources/census-2011/c-series/state-mdds/c01-34-puducherry.xls,988de29f40428b5f,census-c01-extract-v1.1.0-20260528T003618Z,C0101,34,636,00000,000000,District - Mahe,total,other,females,1
census-india-2011,sources/census-2011/c-series/state-mdds/c01-34-puducherry.xls,988de29f40428b5f,census-c01-extract-v1.1.0-20260528T003618Z,C0101,34,636,00000,000000,District - Mahe,total,not_stated,persons,21
census-india-2011,sources/census-2011/c-series/state-mdds/c01-34-puducherry.xls,988de29f40428b5f,census-c01-extract-v1.1.0-20260528T003618Z,C0101,34,636,00000,000000,District - Mahe,total,not_stated,males,11
census-india-2011,sources/census-2011/c-series/state-mdds/c01-34-puducherry.xls,988de29f40428b5f,census-c01-extract-v1.1.0-20260528T003618Z,C0101,34,636,00000,000000,District - Mahe,total,not_stated,females,10
census-india-2011,sources/census-2011/c-series/state-mdds/c01-34-puducherry.xls,988de29f40428b5f,census-c01-extract-v1.1.0-20260528T003618Z,C0101,34,636,00000,000000,District - Mahe,rural,all,persons,0
census-india-2011,sources/census-2011/c-series/state-mdds/c01-34-puducherry.xls,988de29f40428b5f,census-c01-extract-v1.1.0-20260528T003618Z,C0101,34,636,00000,000000,District - Mahe,rural,all,males,0
census-india-2011,sources/census-2011/c-series/state-mdds/c01-34-puducherry.xls,988de29f40428b5f,census-c01-extract-v1.1.0-20260528T003618Z,C0101,34,636,00000,000000,District - Mahe,rural,all,females,0
census-india-2011,sources/census-2011/c-series/state-mdds/c01-34-puducherry.xls,988de29f40428b5f,census-c01-extract-v1.1.0-20260528T003618Z,C0101,34,636,00000,000000,District - Mahe,rural,hindu,persons,0
census-india-2011,sources/census-2011/c-series/state-mdds/c01-34-puducherry.xls,988de29f40428b5f,census-c01-extract-v1.1.0-20260528T003618Z,C0101,34,636,00000,000000,District - Mahe,rural,hindu,males,0
census-india-2011,sources/census-2011/c-series/state-mdds/c01-34-puducherry.xls,988de29f40428b5f,census-c01-extract-v1.1.0-20260528T003618Z,C0101,34,636,00000,000000,District - Mahe,rural,hindu,females,0
census-india-2011,sources/census-2011/c-series/state-mdds/c01-34-puducherry.xls,988de29f40428b5f,census-c01-extract-v1.1.0-20260528T003618Z,C0101,34,636,00000,000000,District - Mahe,rural,muslim,persons,0
census-india-2011,sources/census-2011/c-series/state-mdds/c01-34-puducherry.xls,988de29f40428b5f,census-c01-extract-v1.1.0-20260528T003618Z,C0101,34,636,00000,000000,District - Mahe,rural,muslim,males,0
census-india-2011,sources/census-2011/c-series/state-mdds/c01-34-puducherry.xls,988de29f40428b5f,census-c01-extract-v1.1.0-20260528T003618Z,C0101,34,636,00000,000000,District - Mahe,rural,muslim,females,0
census-india-2011,sources/census-2011/c-series/state-mdds/c01-34-puducherry.xls,988de29f40428b5f,census-c01-extract-v1.1.0-20260528T003618Z,C0101,34,636,00000,000000,District - Mahe,rural,christian,persons,0
census-india-2011,sources/census-2011/c-series/state-mdds/c01-34-puducherry.xls,988de29f40428b5f,census-c01-extract-v1.1.0-20260528T003618Z,C0101,34,636,00000,000000,District - Mahe,rural,christian,males,0
census-india-2011,sources/census-2011/c-series/state-mdds/c01-34-puducherry.xls,988de29f40428b5f,census-c01-extract-v1.1.0-20260528T003618Z,C0101,34,636,00000,000000,District - Mahe,rural,christian,females,0
census-india-2011,sources/census-2011/c-series/state-mdds/c01-34-puducherry.xls,988de29f40428b5f,census-c01-extract-v1.1.0-20260528T003618Z,C0101,34,636,00000,000000,District - Mahe,rural,sikh,persons,0
census-india-2011,sources/census-2011/c-series/state-mdds/c01-34-puducherry.xls,988de29f40428b5f,census-c01-extract-v1.1.0-20260528T003618Z,C0101,34,636,00000,000000,District - Mahe,rural,sikh,males,0
census-india-2011,sources/census-2011/c-series/state-mdds/c01-34-puducherry.xls,988de29f40428b5f,census-c01-extract-v1.1.0-20260528T003618Z,C0101,34,636,00000,000000,District - Mahe,rural,sikh,females,0
census-india-2011,sources/census-2011/c-series/state-mdds/c01-34-puducherry.xls,988de29f40428b5f,census-c01-extract-v1.1.0-20260528T003618Z,C0101,34,636,00000,000000,District - Mahe,rural,buddhist,persons,0
census-india-2011,sources/census-2011/c-series/state-mdds/c01-34-puducherry.xls,988de29f40428b5f,census-c01-extract-v1.1.0-20260528T003618Z,C0101,34,636,00000,000000,District - Mahe,rural,buddhist,males,0
census-india-2011,sources/census-2011/c-series/state-mdds/c01-34-puducherry.xls,988de29f40428b5f,census-c01-extract-v1.1.0-20260528T003618Z,C0101,34,636,00000,000000,District - Mahe,rural,buddhist,females,0
census-india-2011,sources/census-2011/c-series/state-mdds/c01-34-puducherry.xls,988de29f40428b5f,census-c01-extract-v1.1.0-20260528T003618Z,C0101,34,636,00000,000000,District - Mahe,rural,jain,persons,0
census-india-2011,sources/census-2011/c-series/state-mdds/c01-34-puducherry.xls,988de29f40428b5f,census-c01-extract-v1.1.0-20260528T003618Z,C0101,34,636,00000,000000,District - Mahe,rural,jain,males,0
census-india-2011,sources/census-2011/c-series/state-mdds/c01-34-puducherry.xls,988de29f40428b5f,census-c01-extract-v1.1.0-20260528T003618Z,C0101,34,636,00000,000000,District - Mahe,rural,jain,females,0
census-india-2011,sources/census-2011/c-series/state-mdds/c01-34-puducherry.xls,988de29f40428b5f,census-c01-extract-v1.1.0-20260528T003618Z,C0101,34,636,00000,000000,District - Mahe,rural,other,persons,0
census-india-2011,sources/census-2011/c-series/state-mdds/c01-34-puducherry.xls,988de29f40428b5f,census-c01-extract-v1.1.0-20260528T003618Z,C0101,34,636,00000,000000,District - Mahe,rural,other,males,0
census-india-2011,sources/census-2011/c-series/state-mdds/c01-34-puducherry.xls,988de29f40428b5f,census-c01-extract-v1.1.0-20260528T003618Z,C0101,34,636,00000,000000,District - Mahe,rural,other,females,0
census-india-2011,sources/census-2011/c-series/state-mdds/c01-34-puducherry.xls,988de29f40428b5f,census-c01-extract-v1.1.0-20260528T003618Z,C0101,34,636,00000,000000,District - Mahe,rural,not_stated,persons,0
census-india-2011,sources/census-2011/c-series/state-mdds/c01-34-puducherry.xls,988de29f40428b5f,census-c01-extract-v1.1.0-20260528T003618Z,C0101,34,636,00000,000000,District - Mahe,rural,not_stated,males,0
census-india-2011,sources/census-2011/c-series/state-mdds/c01-34-puducherry.xls,988de29f40428b5f,census-c01-extract-v1.1.0-20260528T003618Z,C0101,34,636,00000,000000,District - Mahe,rural,not_stated,females,0
census-india-2011,sources/census-2011/c-series/state-mdds/c01-34-puducherry.xls,988de29f40428b5f,census-c01-extract-v1.1.0-20260528T003618Z,C0101,34,636,00000,000000,District - Mahe,urban,all,persons,41816
census-india-2011,sources/census-2011/c-series/state-mdds/c01-34-puducherry.xls,988de29f40428b5f,census-c01-extract-v1.1.0-20260528T003618Z,C0101,34,636,00000,000000,District - Mahe,urban,all,males,19143
census-india-2011,sources/census-2011/c-series/state-mdds/c01-34-puducherry.xls,988de29f40428b5f,census-c01-extract-v1.1.0-20260528T003618Z,C0101,34,636,00000,000000,District - Mahe,urban,all,females,22673
census-india-2011,sources/census-2011/c-series/state-mdds/c01-34-puducherry.xls,988de29f40428b5f,census-c01-extract-v1.1.0-20260528T003618Z,C0101,34,636,00000,000000,District - Mahe,urban,hindu,persons,27940
census-india-2011,sources/census-2011/c-series/state-mdds/c01-34-puducherry.xls,988de29f40428b5f,census-c01-extract-v1.1.0-20260528T003618Z,C0101,34,636,00000,000000,District - Mahe,urban,hindu,males,12679
census-india-2011,sources/census-2011/c-series/state-mdds/c01-34-puducherry.xls,988de29f40428b5f,census-c01-extract-v1.1.0-20260528T003618Z,C0101,34,636,00000,000000,District - Mahe,urban,hindu,females,15261
census-india-2011,sources/census-2011/c-series/state-mdds/c01-34-puducherry.xls,988de29f40428b5f,census-c01-extract-v1.1.0-20260528T003618Z,C0101,34,636,00000,000000,District - Mahe,urban,muslim,persons,12856
census-india-2011,sources/census-2011/c-series/state-mdds/c01-34-puducherry.xls,988de29f40428b5f,census-c01-extract-v1.1.0-20260528T003618Z,C0101,34,636,00000,000000,District - Mahe,urban,muslim,males,5986
census-india-2011,sources/census-2011/c-series/state-mdds/c01-34-puducherry.xls,988de29f40428b5f,census-c01-extract-v1.1.0-20260528T003618Z,C0101,34,636,00000,000000,District - Mahe,urban,muslim,females,6870
census-india-2011,sources/census-2011/c-series/state-mdds/c01-34-puducherry.xls,988de29f40428b5f,census-c01-extract-v1.1.0-20260528T003618Z,C0101,34,636,00000,000000,District - Mahe,urban,christian,persons,958
census-india-2011,sources/census-2011/c-series/state-mdds/c01-34-puducherry.xls,988de29f40428b5f,census-c01-extract-v1.1.0-20260528T003618Z,C0101,34,636,00000,000000,District - Mahe,urban,christian,males,448
census-india-2011,sources/census-2011/c-series/state-mdds/c01-34-puducherry.xls,988de29f40428b5f,census-c01-extract-v1.1.0-20260528T003618Z,C0101,34,636,00000,000000,District - Mahe,urban,christian,females,510
census-india-2011,sources/census-2011/c-series/state-mdds/c01-34-puducherry.xls,988de29f40428b5f,census-c01-extract-v1.1.0-20260528T003618Z,C0101,34,636,00000,000000,District - Mahe,urban,sikh,persons,3
census-india-2011,sources/census-2011/c-series/state-mdds/c01-34-puducherry.xls,988de29f40428b5f,census-c01-extract-v1.1.0-20260528T003618Z,C0101,34,636,00000,000000,District - Mahe,urban,sikh,males,2
census-india-2011,sources/census-2011/c-series/state-mdds/c01-34-puducherry.xls,988de29f40428b5f,census-c01-extract-v1.1.0-20260528T003618Z,C0101,34,636,00000,000000,District - Mahe,urban,sikh,females,1
census-india-2011,sources/census-2011/c-series/state-mdds/c01-34-puducherry.xls,988de29f40428b5f,census-c01-extract-v1.1.0-20260528T003618Z,C0101,34,636,00000,000000,District - Mahe,urban,buddhist,persons,21
census-india-2011,sources/census-2011/c-series/state-mdds/c01-34-puducherry.xls,988de29f40428b5f,census-c01-extract-v1.1.0-20260528T003618Z,C0101,34,636,00000,000000,District - Mahe,urban,buddhist,males,8
census-india-2011,sources/census-2011/c-series/state-mdds/c01-34-puducherry.xls,988de29f40428b5f,census-c01-extract-v1.1.0-20260528T003618Z,C0101,34,636,00000,000000,District - Mahe,urban,buddhist,females,13
census-india-2011,sources/census-2011/c-series/state-mdds/c01-34-puducherry.xls,988de29f40428b5f,census-c01-extract-v1.1.0-20260528T003618Z,C0101,34,636,00000,000000,District - Mahe,urban,jain,persons,14
census-india-2011,sources/census-2011/c-series/state-mdds/c01-34-puducherry.xls,988de29f40428b5f,census-c01-extract-v1.1.0-20260528T003618Z,C0101,34,636,00000,000000,District - Mahe,urban,jain,males,7
census-india-2011,sources/census-2011/c-series/state-mdds/c01-34-puducherry.xls,988de29f40428b5f,census-c01-extract-v1.1.0-20260528T003618Z,C0101,34,636,00000,000000,District - Mahe,urban,jain,females,7
census-india-2011,sources/census-2011/c-series/state-mdds/c01-34-puducherry.xls,988de29f40428b5f,census-c01-extract-v1.1.0-20260528T003618Z,C0101,34,636,00000,000000,District - Mahe,urban,other,persons,3
census-india-2011,sources/census-2011/c-series/state-mdds/c01-34-puducherry.xls,988de29f40428b5f,census-c01-extract-v1.1.0-20260528T003618Z,C0101,34,636,00000,000000,District - Mahe,urban,other,males,2
census-india-2011,sources/census-2011/c-series/state-mdds/c01-34-puducherry.xls,988de29f40428b5f,census-c01-extract-v1.1.0-20260528T003618Z,C0101,34,636,00000,000000,District - Mahe,urban,other,females,1
census-india-2011,sources/census-2011/c-series/state-mdds/c01-34-puducherry.xls,988de29f40428b5f,census-c01-extract-v1.1.0-20260528T003618Z,C0101,34,636,00000,000000,District - Mahe,urban,not_stated,persons,21
census-india-2011,sources/census-2011/c-series/state-mdds/c01-34-puducherry.xls,988de29f40428b5f,census-c01-extract-v1.1.0-20260528T003618Z,C0101,34,636,00000,000000,District - Mahe,urban,not_stated,males,11
census-india-2011,sources/census-2011/c-series/state-mdds/c01-34-puducherry.xls,988de29f40428b5f,census-c01-extract-v1.1.0-20260528T003618Z,C0101,34,636,00000,000000,District - Mahe,urban,not_stated,females,10
census-india-2011,sources/census-2011/c-series/state-mdds/c01-34-puducherry.xls,988de29f40428b5f,census-c01-extract-v1.1.0-20260528T003618Z,C0101,34,637,00000,000000,District - Karaikal,total,all,persons,200222
census-india-2011,sources/census-2011/c-series/state-mdds/c01-34-puducherry.xls,988de29f40428b5f,census-c01-extract-v1.1.0-20260528T003618Z,C0101,34,637,00000,000000,District - Karaikal,total,all,males,97809
census-india-2011,sources/census-2011/c-series/state-mdds/c01-34-puducherry.xls,988de29f40428b5f,census-c01-extract-v1.1.0-20260528T003618Z,C0101,34,637,00000,000000,District - Karaikal,total,all,females,102413
census-india-2011,sources/census-2011/c-series/state-mdds/c01-34-puducherry.xls,988de29f40428b5f,census-c01-extract-v1.1.0-20260528T003618Z,C0101,34,637,00000,000000,District - Karaikal,total,hindu,persons,152638
census-india-2011,sources/census-2011/c-series/state-mdds/c01-34-puducherry.xls,988de29f40428b5f,census-c01-extract-v1.1.0-20260528T003618Z,C0101,34,637,00000,000000,District - Karaikal,total,hindu,males,75003
census-india-2011,sources/census-2011/c-series/state-mdds/c01-34-puducherry.xls,988de29f40428b5f,census-c01-extract-v1.1.0-20260528T003618Z,C0101,34,637,00000,000000,District - Karaikal,total,hindu,females,77635
census-india-2011,sources/census-2011/c-series/state-mdds/c01-34-puducherry.xls,988de29f40428b5f,census-c01-extract-v1.1.0-20260528T003618Z,C0101,34,637,00000,000000,District - Karaikal,total,muslim,persons,28835
census-india-2011,sources/census-2011/c-series/state-mdds/c01-34-puducherry.xls,988de29f40428b5f,census-c01-extract-v1.1.0-20260528T003618Z,C0101,34,637,00000,000000,District - Karaikal,total,muslim,males,13854
census-india-2011,sources/census-2011/c-series/state-mdds/c01-34-puducherry.xls,988de29f40428b5f,census-c01-extract-v1.1.0-20260528T003618Z,C0101,34,637,00000,000000,District - Karaikal,total,muslim,females,14981
census-india-2011,sources/census-2011/c-series/state-mdds/c01-34-puducherry.xls,988de29f40428b5f,census-c01-extract-v1.1.0-20260528T003618Z,C0101,34,637,00000,000000,District - Karaikal,total,christian,persons,18391
census-india-2011,sources/census-2011/c-series/state-mdds/c01-34-puducherry.xls,988de29f40428b5f,census-c01-extract-v1.1.0-20260528T003618Z,C0101,34,637,00000,000000,District - Karaikal,total,christian,males,8773
census-india-2011,sources/census-2011/c-series/state-mdds/c01-34-puducherry.xls,988de29f40428b5f,census-c01-extract-v1.1.0-20260528T003618Z,C0101,34,637,00000,000000,District - Karaikal,total,christian,females,9618
census-india-2011,sources/census-2011/c-series/state-mdds/c01-34-puducherry.xls,988de29f40428b5f,census-c01-extract-v1.1.0-20260528T003618Z,C0101,34,637,00000,000000,District - Karaikal,total,sikh,persons,46
census-india-2011,sources/census-2011/c-series/state-mdds/c01-34-puducherry.xls,988de29f40428b5f,census-c01-extract-v1.1.0-20260528T003618Z,C0101,34,637,00000,000000,District - Karaikal,total,sikh,males,22
census-india-2011,sources/census-2011/c-series/state-mdds/c01-34-puducherry.xls,988de29f40428b5f,census-c01-extract-v1.1.0-20260528T003618Z,C0101,34,637,00000,000000,District - Karaikal,total,sikh,females,24
census-india-2011,sources/census-2011/c-series/state-mdds/c01-34-puducherry.xls,988de29f40428b5f,census-c01-extract-v1.1.0-20260528T003618Z,C0101,34,637,00000,000000,District - Karaikal,total,buddhist,persons,63
census-india-2011,sources/census-2011/c-series/state-mdds/c01-34-puducherry.xls,988de29f40428b5f,census-c01-extract-v1.1.0-20260528T003618Z,C0101,34,637,00000,000000,District - Karaikal,total,buddhist,males,46
census-india-2011,sources/census-2011/c-series/state-mdds/c01-34-puducherry.xls,988de29f40428b5f,census-c01-extract-v1.1.0-20260528T003618Z,C0101,34,637,00000,000000,District - Karaikal,total,buddhist,females,17
census-india-2011,sources/census-2011/c-series/state-mdds/c01-34-puducherry.xls,988de29f40428b5f,census-c01-extract-v1.1.0-20260528T003618Z,C0101,34,637,00000,000000,District - Karaikal,total,jain,persons,54
census-india-2011,sources/census-2011/c-series/state-mdds/c01-34-puducherry.xls,988de29f40428b5f,census-c01-extract-v1.1.0-20260528T003618Z,C0101,34,637,00000,000000,District - Karaikal,total,jain,males,21
census-india-2011,sources/census-2011/c-series/state-mdds/c01-34-puducherry.xls,988de29f40428b5f,census-c01-extract-v1.1.0-20260528T003618Z,C0101,34,637,00000,000000,District - Karaikal,total,jain,females,33
census-india-2011,sources/census-2011/c-series/state-mdds/c01-34-puducherry.xls,988de29f40428b5f,census-c01-extract-v1.1.0-20260528T003618Z,C0101,34,637,00000,000000,District - Karaikal,total,other,persons,14
census-india-2011,sources/census-2011/c-series/state-mdds/c01-34-puducherry.xls,988de29f40428b5f,census-c01-extract-v1.1.0-20260528T003618Z,C0101,34,637,00000,000000,District - Karaikal,total,other,males,5
census-india-2011,sources/census-2011/c-series/state-mdds/c01-34-puducherry.xls,988de29f40428b5f,census-c01-extract-v1.1.0-20260528T003618Z,C0101,34,637,00000,000000,District - Karaikal,total,other,females,9
census-india-2011,sources/census-2011/c-series/state-mdds/c01-34-puducherry.xls,988de29f40428b5f,census-c01-extract-v1.1.0-20260528T003618Z,C0101,34,637,00000,000000,District - Karaikal,total,not_stated,persons,181
census-india-2011,sources/census-2011/c-series/state-mdds/c01-34-puducherry.xls,988de29f40428b5f,census-c01-extract-v1.1.0-20260528T003618Z,C0101,34,637,00000,000000,District - Karaikal,total,not_stated,males,85
census-india-2011,sources/census-2011/c-series/state-mdds/c01-34-puducherry.xls,988de29f40428b5f,census-c01-extract-v1.1.0-20260528T003618Z,C0101,34,637,00000,000000,District - Karaikal,total,not_stated,females,96
census-india-2011,sources/census-2011/c-series/state-mdds/c01-34-puducherry.xls,988de29f40428b5f,census-c01-extract-v1.1.0-20260528T003618Z,C0101,34,637,00000,000000,District - Karaikal,rural,all,persons,102120
census-india-2011,sources/census-2011/c-series/state-mdds/c01-34-puducherry.xls,988de29f40428b5f,census-c01-extract-v1.1.0-20260528T003618Z,C0101,34,637,00000,000000,District - Karaikal,rural,all,males,50138
census-india-2011,sources/census-2011/c-series/state-mdds/c01-34-puducherry.xls,988de29f40428b5f,census-c01-extract-v1.1.0-20260528T003618Z,C0101,34,637,00000,000000,District - Karaikal,rural,all,females,51982
census-india-2011,sources/census-2011/c-series/state-mdds/c01-34-puducherry.xls,988de29f40428b5f,census-c01-extract-v1.1.0-20260528T003618Z,C0101,34,637,00000,000000,District - Karaikal,rural,hindu,persons,85161
census-india-2011,sources/census-2011/c-series/state-mdds/c01-34-puducherry.xls,988de29f40428b5f,census-c01-extract-v1.1.0-20260528T003618Z,C0101,34,637,00000,000000,District - Karaikal,rural,hindu,males,41965
census-india-2011,sources/census-2011/c-series/state-mdds/c01-34-puducherry.xls,988de29f40428b5f,census-c01-extract-v1.1.0-20260528T003618Z,C0101,34,637,00000,000000,District - Karaikal,rural,hindu,females,43196
census-india-2011,sources/census-2011/c-series/state-mdds/c01-34-puducherry.xls,988de29f40428b5f,census-c01-extract-v1.1.0-20260528T003618Z,C0101,34,637,00000,000000,District - Karaikal,rural,muslim,persons,8413
census-india-2011,sources/census-2011/c-series/state-mdds/c01-34-puducherry.xls,988de29f40428b5f,census-c01-extract-v1.1.0-20260528T003618Z,C0101,34,637,00000,000000,District - Karaikal,rural,muslim,males,4039
census-india-2011,sources/census-2011/c-series/state-mdds/c01-34-puducherry.xls,988de29f40428b5f,census-c01-extract-v1.1.0-20260528T003618Z,C0101,34,637,00000,000000,District - Karaikal,rural,muslim,females,4374
census-india-2011,sources/census-2011/c-series/state-mdds/c01-34-puducherry.xls,988de29f40428b5f,census-c01-extract-v1.1.0-20260528T003618Z,C0101,34,637,00000,000000,District - Karaikal,rural,christian,persons,8386
census-india-2011,sources/census-2011/c-series/state-mdds/c01-34-puducherry.xls,988de29f40428b5f,census-c01-extract-v1.1.0-20260528T003618Z,C0101,34,637,00000,000000,District - Karaikal,rural,christian,males,4050
census-india-2011,sources/census-2011/c-series/state-mdds/c01-34-puducherry.xls,988de29f40428b5f,census-c01-extract-v1.1.0-20260528T003618Z,C0101,34,637,00000,000000,District - Karaikal,rural,christian,females,4336
census-india-2011,sources/census-2011/c-series/state-mdds/c01-34-puducherry.xls,988de29f40428b5f,census-c01-extract-v1.1.0-20260528T003618Z,C0101,34,637,00000,000000,District - Karaikal,rural,sikh,persons,26
census-india-2011,sources/census-2011/c-series/state-mdds/c01-34-puducherry.xls,988de29f40428b5f,census-c01-extract-v1.1.0-20260528T003618Z,C0101,34,637,00000,000000,District - Karaikal,rural,sikh,males,13
census-india-2011,sources/census-2011/c-series/state-mdds/c01-34-puducherry.xls,988de29f40428b5f,census-c01-extract-v1.1.0-20260528T003618Z,C0101,34,637,00000,000000,District - Karaikal,rural,sikh,females,13
census-india-2011,sources/census-2011/c-series/state-mdds/c01-34-puducherry.xls,988de29f40428b5f,census-c01-extract-v1.1.0-20260528T003618Z,C0101,34,637,00000,000000,District - Karaikal,rural,buddhist,persons,36
census-india-2011,sources/census-2011/c-series/state-mdds/c01-34-puducherry.xls,988de29f40428b5f,census-c01-extract-v1.1.0-20260528T003618Z,C0101,34,637,00000,000000,District - Karaikal,rural,buddhist,males,30
census-india-2011,sources/census-2011/c-series/state-mdds/c01-34-puducherry.xls,988de29f40428b5f,census-c01-extract-v1.1.0-20260528T003618Z,C0101,34,637,00000,000000,District - Karaikal,rural,buddhist,females,6
census-india-2011,sources/census-2011/c-series/state-mdds/c01-34-puducherry.xls,988de29f40428b5f,census-c01-extract-v1.1.0-20260528T003618Z,C0101,34,637,00000,000000,District - Karaikal,rural,jain,persons,14
census-india-2011,sources/census-2011/c-series/state-mdds/c01-34-puducherry.xls,988de29f40428b5f,census-c01-extract-v1.1.0-20260528T003618Z,C0101,34,637,00000,000000,District - Karaikal,rural,jain,males,4
census-india-2011,sources/census-2011/c-series/state-mdds/c01-34-puducherry.xls,988de29f40428b5f,census-c01-extract-v1.1.0-20260528T003618Z,C0101,34,637,00000,000000,District - Karaikal,rural,jain,females,10
census-india-2011,sources/census-2011/c-series/state-mdds/c01-34-puducherry.xls,988de29f40428b5f,census-c01-extract-v1.1.0-20260528T003618Z,C0101,34,637,00000,000000,District - Karaikal,rural,other,persons,6
census-india-2011,sources/census-2011/c-series/state-mdds/c01-34-puducherry.xls,988de29f40428b5f,census-c01-extract-v1.1.0-20260528T003618Z,C0101,34,637,00000,000000,District - Karaikal,rural,other,males,3
census-india-2011,sources/census-2011/c-series/state-mdds/c01-34-puducherry.xls,988de29f40428b5f,census-c01-extract-v1.1.0-20260528T003618Z,C0101,34,637,00000,000000,District - Karaikal,rural,other,females,3
census-india-2011,sources/census-2011/c-series/state-mdds/c01-34-puducherry.xls,988de29f40428b5f,census-c01-extract-v1.1.0-20260528T003618Z,C0101,34,637,00000,000000,District - Karaikal,rural,not_stated,persons,78
census-india-2011,sources/census-2011/c-series/state-mdds/c01-34-puducherry.xls,988de29f40428b5f,census-c01-extract-v1.1.0-20260528T003618Z,C0101,34,637,00000,000000,District - Karaikal,rural,not_stated,males,34
census-india-2011,sources/census-2011/c-series/state-mdds/c01-34-puducherry.xls,988de29f40428b5f,census-c01-extract-v1.1.0-20260528T003618Z,C0101,34,637,00000,000000,District - Karaikal,rural,not_stated,females,44
census-india-2011,sources/census-2011/c-series/state-mdds/c01-34-puducherry.xls,988de29f40428b5f,census-c01-extract-v1.1.0-20260528T003618Z,C0101,34,637,00000,000000,District - Karaikal,urban,all,persons,98102
census-india-2011,sources/census-2011/c-series/state-mdds/c01-34-puducherry.xls,988de29f40428b5f,census-c01-extract-v1.1.0-20260528T003618Z,C0101,34,637,00000,000000,District - Karaikal,urban,all,males,47671
census-india-2011,sources/census-2011/c-series/state-mdds/c01-34-puducherry.xls,988de29f40428b5f,census-c01-extract-v1.1.0-20260528T003618Z,C0101,34,637,00000,000000,District - Karaikal,urban,all,females,50431
census-india-2011,sources/census-2011/c-series/state-mdds/c01-34-puducherry.xls,988de29f40428b5f,census-c01-extract-v1.1.0-20260528T003618Z,C0101,34,637,00000,000000,District - Karaikal,urban,hindu,persons,67477
census-india-2011,sources/census-2011/c-series/state-mdds/c01-34-puducherry.xls,988de29f40428b5f,census-c01-extract-v1.1.0-20260528T003618Z,C0101,34,637,00000,000000,District - Karaikal,urban,hindu,males,33038
census-india-2011,sources/census-2011/c-series/state-mdds/c01-34-puducherry.xls,988de29f40428b5f,census-c01-extract-v1.1.0-20260528T003618Z,C0101,34,637,00000,000000,District - Karaikal,urban,hindu,females,34439
census-india-2011,sources/census-2011/c-series/state-mdds/c01-34-puducherry.xls,988de29f40428b5f,census-c01-extract-v1.1.0-20260528T003618Z,C0101,34,637,00000,000000,District - Karaikal,urban,muslim,persons,20422
census-india-2011,sources/census-2011/c-series/state-mdds/c01-34-puducherry.xls,988de29f40428b5f,census-c01-extract-v1.1.0-20260528T003618Z,C0101,34,637,00000,000000,District - Karaikal,urban,muslim,males,9815
census-india-2011,sources/census-2011/c-series/state-mdds/c01-34-puducherry.xls,988de29f40428b5f,census-c01-extract-v1.1.0-20260528T003618Z,C0101,34,637,00000,000000,District - Karaikal,urban,muslim,females,10607
census-india-2011,sources/census-2011/c-series/state-mdds/c01-34-puducherry.xls,988de29f40428b5f,census-c01-extract-v1.1.0-20260528T003618Z,C0101,34,637,00000,000000,District - Karaikal,urban,christian,persons,10005
census-india-2011,sources/census-2011/c-series/state-mdds/c01-34-puducherry.xls,988de29f40428b5f,census-c01-extract-v1.1.0-20260528T003618Z,C0101,34,637,00000,000000,District - Karaikal,urban,christian,males,4723
census-india-2011,sources/census-2011/c-series/state-mdds/c01-34-puducherry.xls,988de29f40428b5f,census-c01-extract-v1.1.0-20260528T003618Z,C0101,34,637,00000,000000,District - Karaikal,urban,christian,females,5282
census-india-2011,sources/census-2011/c-series/state-mdds/c01-34-puducherry.xls,988de29f40428b5f,census-c01-extract-v1.1.0-20260528T003618Z,C0101,34,637,00000,000000,District - Karaikal,urban,sikh,persons,20
census-india-2011,sources/census-2011/c-series/state-mdds/c01-34-puducherry.xls,988de29f40428b5f,census-c01-extract-v1.1.0-20260528T003618Z,C0101,34,637,00000,000000,District - Karaikal,urban,sikh,males,9
census-india-2011,sources/census-2011/c-series/state-mdds/c01-34-puducherry.xls,988de29f40428b5f,census-c01-extract-v1.1.0-20260528T003618Z,C0101,34,637,00000,000000,District - Karaikal,urban,sikh,females,11
census-india-2011,sources/census-2011/c-series/state-mdds/c01-34-puducherry.xls,988de29f40428b5f,census-c01-extract-v1.1.0-20260528T003618Z,C0101,34,637,00000,000000,District - Karaikal,urban,buddhist,persons,27
census-india-2011,sources/census-2011/c-series/state-mdds/c01-34-puducherry.xls,988de29f40428b5f,census-c01-extract-v1.1.0-20260528T003618Z,C0101,34,637,00000,000000,District - Karaikal,urban,buddhist,males,16
census-india-2011,sources/census-2011/c-series/state-mdds/c01-34-puducherry.xls,988de29f40428b5f,census-c01-extract-v1.1.0-20260528T003618Z,C0101,34,637,00000,000000,District - Karaikal,urban,buddhist,females,11
census-india-2011,sources/census-2011/c-series/state-mdds/c01-34-puducherry.xls,988de29f40428b5f,census-c01-extract-v1.1.0-20260528T003618Z,C0101,34,637,00000,000000,District - Karaikal,urban,jain,persons,40
census-india-2011,sources/census-2011/c-series/state-mdds/c01-34-puducherry.xls,988de29f40428b5f,census-c01-extract-v1.1.0-20260528T003618Z,C0101,34,637,00000,000000,District - Karaikal,urban,jain,males,17
census-india-2011,sources/census-2011/c-series/state-mdds/c01-34-puducherry.xls,988de29f40428b5f,census-c01-extract-v1.1.0-20260528T003618Z,C0101,34,637,00000,000000,District - Karaikal,urban,jain,females,23
census-india-2011,sources/census-2011/c-series/state-mdds/c01-34-puducherry.xls,988de29f40428b5f,census-c01-extract-v1.1.0-20260528T003618Z,C0101,34,637,00000,000000,District - Karaikal,urban,other,persons,8
census-india-2011,sources/census-2011/c-series/state-mdds/c01-34-puducherry.xls,988de29f40428b5f,census-c01-extract-v1.1.0-20260528T003618Z,C0101,34,637,00000,000000,District - Karaikal,urban,other,males,2
census-india-2011,sources/census-2011/c-series/state-mdds/c01-34-puducherry.xls,988de29f40428b5f,census-c01-extract-v1.1.0-20260528T003618Z,C0101,34,637,00000,000000,District - Karaikal,urban,other,females,6
census-india-2011,sources/census-2011/c-series/state-mdds/c01-34-puducherry.xls,988de29f40428b5f,census-c01-extract-v1.1.0-20260528T003618Z,C0101,34,637,00000,000000,District - Karaikal,urban,not_stated,persons,103
census-india-2011,sources/census-2011/c-series/state-mdds/c01-34-puducherry.xls,988de29f40428b5f,census-c01-extract-v1.1.0-20260528T003618Z,C0101,34,637,00000,000000,District - Karaikal,urban,not_stated,males,51
census-india-2011,sources/census-2011/c-series/state-mdds/c01-34-puducherry.xls,988de29f40428b5f,census-c01-extract-v1.1.0-20260528T003618Z,C0101,34,637,00000,000000,District - Karaikal,urban,not_stated,females,52
