scope,state_code,religion,residence,mpce_rs,n_households
national,,muslim,all,4454.53,31468
national,,muslim,urban,5466.54,14954
national,,muslim,rural,3874.22,16514
national,,hindu,all,4973.99,203216
national,,hindu,urban,7064.23,81733
national,,hindu,rural,4135.37,121483
national,,all,all,4958.20,261953
national,,all,urban,6863.11,107596
national,,all,rural,4149.41,154357
state,01,muslim,all,4871.35,2522
state,01,muslim,urban,5849.73,1293
state,01,muslim,rural,4624.75,1229
state,01,hindu,all,5881.74,984
state,01,hindu,urban,7964.44,463
state,01,hindu,rural,5263.52,521
state,01,all,all,5159.27,3582
state,01,all,urban,6490.25,1800
state,01,all,rural,4801.96,1782
state,02,muslim,all,5980.44,46
state,02,muslim,urban,7115.43,29
state,02,muslim,rural,5763.34,17
state,02,hindu,all,6219.73,2295
state,02,hindu,urban,9056.55,980
state,02,hindu,rural,5911.92,1315
state,02,all,all,6241.64,2406
state,02,all,urban,9070.67,1051
state,02,all,rural,5924.12,1355
state,03,muslim,all,5797.78,147
state,03,muslim,urban,6460.79,82
state,03,muslim,rural,5143.62,65
state,03,hindu,all,6642.95,2592
state,03,hindu,urban,7333.34,1769
state,03,hindu,rural,5574.32,823
state,03,all,all,6473.08,5971
state,03,all,urban,7398.91,2810
state,03,all,rural,5893.06,3161
state,04,muslim,all,7951.37,26
state,04,muslim,urban,7985.74,9
state,04,muslim,rural,7440.94,17
state,04,hindu,all,11815.20,610
state,04,hindu,urban,11991.29,312
state,04,hindu,rural,8019.26,298
state,04,all,all,11954.03,718
state,04,all,urban,12132.41,359
state,04,all,rural,8361.41,359
state,05,muslim,all,4935.02,208
state,05,muslim,urban,5384.45,150
state,05,muslim,rural,4533.75,58
state,05,hindu,all,5783.86,2418
state,05,hindu,urban,7844.57,880
state,05,hindu,rural,5090.08,1538
state,05,all,all,5767.17,2749
state,05,all,urban,7518.83,1056
state,05,all,rural,5142.82,1693
state,06,muslim,all,5798.34,229
state,06,muslim,urban,6242.71,69
state,06,muslim,rural,5658.74,160
state,06,hindu,all,6269.24,4812
state,06,hindu,urban,7983.77,2305
state,06,hindu,rural,5222.08,2507
state,06,all,all,6272.85,5263
state,06,all,urban,7932.46,2478
state,06,all,rural,5292.63,2785
state,07,muslim,all,6570.56,421
state,07,muslim,urban,6585.68,393
state,07,muslim,rural,5569.22,28
state,07,hindu,all,8185.83,2812
state,07,hindu,urban,8213.80,2533
state,07,hindu,rural,7207.10,279
state,07,all,all,8113.78,3359
state,07,all,urban,8141.06,3049
state,07,all,rural,7070.45,310
state,08,muslim,all,4677.31,1104
state,08,muslim,urban,4954.55,593
state,08,muslim,rural,4487.82,511
state,08,hindu,all,5164.82,11778
state,08,hindu,urban,7040.10,3643
state,08,hindu,rural,4599.43,8135
state,08,all,all,5144.31,13147
state,08,all,urban,6776.73,4378
state,08,all,rural,4600.00,8769
state,09,muslim,all,3846.14,5316
state,09,muslim,urban,4417.48,2692
state,09,muslim,rural,3526.45,2624
state,09,hindu,all,3996.97,24868
state,09,hindu,urban,5975.18,7859
state,09,hindu,rural,3570.59,17009
state,09,all,all,3976.52,30308
state,09,all,urban,5523.30,10644
state,09,all,rural,3565.62,19664
state,10,muslim,all,3791.55,2429
state,10,muslim,urban,4714.51,545
state,10,muslim,rural,3669.24,1884
state,10,hindu,all,3875.22,14802
state,10,hindu,urban,5260.04,3049
state,10,hindu,rural,3734.66,11753
state,10,all,all,3863.35,17255
state,10,all,urban,5163.25,3599
state,10,all,rural,3725.68,13656
state,11,muslim,all,9808.57,46
state,11,muslim,urban,9904.98,36
state,11,muslim,rural,9594.19,10
state,11,hindu,all,9197.98,1400
state,11,hindu,urban,11796.37,480
state,11,hindu,rural,8271.39,920
state,11,all,all,9249.07,2158
state,11,all,urban,11730.15,719
state,11,all,rural,8413.16,1439
state,12,muslim,all,6153.84,106
state,12,muslim,urban,7078.85,84
state,12,muslim,rural,4813.03,22
state,12,hindu,all,5917.34,890
state,12,hindu,urban,7621.81,483
state,12,hindu,rural,5178.66,407
state,12,all,all,5951.08,4073
state,12,all,urban,8371.46,1420
state,12,all,rural,5455.33,2653
state,13,muslim,all,5628.41,43
state,13,muslim,urban,5724.18,35
state,13,muslim,rural,5258.25,8
state,13,hindu,all,6512.31,151
state,13,hindu,urban,6948.80,114
state,13,hindu,rural,5320.02,37
state,13,all,all,5989.87,3042
state,13,all,urban,7779.63,1080
state,13,all,rural,5330.59,1962
state,14,muslim,all,5040.12,287
state,14,muslim,urban,5410.23,149
state,14,muslim,rural,4923.54,138
state,14,hindu,all,4910.51,2300
state,14,hindu,urban,5680.98,1621
state,14,hindu,rural,4592.28,679
state,14,all,all,4838.16,4244
state,14,all,urban,5904.56,2607
state,14,all,rural,4493.31,1637
state,15,muslim,all,6870.95,7
state,15,muslim,urban,6529.84,6
state,15,muslim,rural,8398.44,1
state,15,hindu,all,7460.57,20
state,15,hindu,urban,8869.37,11
state,15,hindu,rural,6597.92,9
state,15,all,all,6662.93,3600
state,15,all,urban,8164.08,2160
state,15,all,rural,5392.99,1440
state,16,muslim,all,6262.21,405
state,16,muslim,urban,6567.22,66
state,16,muslim,rural,6232.18,339
state,16,hindu,all,6484.14,4274
state,16,hindu,urban,7859.64,1702
state,16,hindu,rural,6118.19,2572
state,16,all,all,6450.12,5040
state,16,all,urban,7783.06,1800
state,16,all,rural,6154.20,3240
state,17,muslim,all,4737.71,57
state,17,muslim,urban,5431.23,12
state,17,muslim,rural,4668.23,45
state,17,hindu,all,4913.63,346
state,17,hindu,urban,7625.71,201
state,17,hindu,rural,3838.33,145
state,17,all,all,4154.96,3216
state,17,all,urban,7315.23,1062
state,17,all,rural,3647.69,2154
state,18,muslim,all,3506.56,2369
state,18,muslim,urban,4854.69,335
state,18,muslim,rural,3439.04,2034
state,18,hindu,all,4174.94,5775
state,18,hindu,urban,6439.97,2165
state,18,hindu,rural,3764.52,3610
state,18,all,all,3890.87,8572
state,18,all,urban,6214.83,2519
state,18,all,rural,3604.31,6053
state,19,muslim,all,3722.38,4200
state,19,muslim,urban,4462.95,1084
state,19,muslim,rural,3537.57,3116
state,19,hindu,all,4498.86,13664
state,19,hindu,urban,6147.40,6251
state,19,hindu,rural,3667.62,7413
state,19,all,all,4289.25,18120
state,19,all,urban,5853.90,7414
state,19,all,rural,3627.84,10706
state,20,muslim,all,3743.89,782
state,20,muslim,urban,5478.31,283
state,20,muslim,rural,3272.56,499
state,20,hindu,all,3811.83,4844
state,20,hindu,urban,5670.98,2078
state,20,hindu,rural,3275.60,2766
state,20,all,all,3666.30,6331
state,20,all,urban,5697.65,2465
state,20,all,rural,3161.32,3866
state,21,muslim,all,4898.16,121
state,21,muslim,urban,5589.09,84
state,21,muslim,rural,3950.79,37
state,21,hindu,all,3958.86,8837
state,21,hindu,urban,5920.48,2299
state,21,hindu,rural,3589.55,6538
state,21,all,all,3936.60,9213
state,21,all,urban,5881.99,2445
state,21,all,rural,3558.16,6768
state,22,muslim,all,4155.01,127
state,22,muslim,urban,4575.62,106
state,22,muslim,rural,3437.12,21
state,22,hindu,all,3115.83,4708
state,22,hindu,urban,4850.27,1921
state,22,hindu,rural,2700.99,2787
state,22,all,all,3157.26,4968
state,22,all,urban,4930.57,2112
state,22,all,rural,2703.03,2856
state,23,muslim,all,4177.06,919
state,23,muslim,urban,4643.29,657
state,23,muslim,rural,3592.39,262
state,23,hindu,all,4039.58,12984
state,23,hindu,urban,5888.44,4871
state,23,hindu,rural,3445.34,8113
state,23,all,all,4067.06,14105
state,23,all,urban,5778.25,5679
state,23,all,rural,3453.96,8426
state,24,muslim,all,5011.16,829
state,24,muslim,urban,5490.55,582
state,24,muslim,rural,4065.98,247
state,24,hindu,all,5424.20,10300
state,24,hindu,urban,7294.49,4881
state,24,hindu,rural,4146.08,5419
state,24,all,all,5433.86,11271
state,24,all,urban,7159.25,5572
state,24,all,rural,4140.53,5699
state,25,muslim,all,5861.49,34
state,25,muslim,urban,5965.79,23
state,25,muslim,rural,5275.18,11
state,25,hindu,all,5898.61,647
state,25,hindu,urban,6683.54,318
state,25,hindu,rural,4395.87,329
state,25,all,all,5895.36,698
state,25,all,urban,6661.31,344
state,25,all,rural,4408.86,354
state,27,muslim,all,5344.61,2084
state,27,muslim,urban,5976.55,1490
state,27,muslim,rural,3999.57,594
state,27,hindu,all,5671.59,19118
state,27,hindu,urban,7683.64,8687
state,27,hindu,rural,4358.94,10431
state,27,all,all,5650.05,22746
state,27,all,urban,7389.43,11117
state,27,all,rural,4323.32,11629
state,28,muslim,all,5559.82,853
state,28,muslim,urban,5975.39,528
state,28,muslim,rural,5124.38,325
state,28,hindu,all,5718.84,8702
state,28,hindu,urban,7028.83,3379
state,28,hindu,rural,5144.45,5323
state,28,all,all,5663.66,10465
state,28,all,urban,6837.99,4159
state,28,all,rural,5128.07,6306
state,29,muslim,all,5103.17,1441
state,29,muslim,urban,5670.19,942
state,29,muslim,rural,4347.67,499
state,29,hindu,all,5966.72,10799
state,29,hindu,urban,7832.16,4656
state,29,hindu,rural,5026.54,6143
state,29,all,all,5938.27,12533
state,29,all,urban,7535.07,5805
state,29,all,rural,5004.86,6728
state,30,muslim,all,8120.88,26
state,30,muslim,urban,7436.56,16
state,30,muslim,rural,10421.21,10
state,30,hindu,all,7959.76,578
state,30,hindu,urban,8574.22,260
state,30,hindu,rural,7213.44,318
state,30,all,all,8157.62,720
state,30,all,urban,8762.19,360
state,30,all,rural,7310.31,360
state,31,muslim,all,6094.93,571
state,31,muslim,urban,5881.47,335
state,31,muslim,rural,6654.33,236
state,31,hindu,all,8705.83,30
state,31,hindu,urban,8783.85,18
state,31,hindu,rural,8410.55,12
state,31,all,all,6160.63,605
state,31,all,urban,5964.02,356
state,31,all,rural,6680.97,249
state,32,muslim,all,6002.13,1704
state,32,muslim,urban,6621.08,845
state,32,muslim,rural,5422.30,859
state,32,hindu,all,7108.23,4352
state,32,hindu,urban,7820.51,2192
state,32,hindu,rural,6303.95,2160
state,32,all,all,6998.60,7400
state,32,all,urban,7667.04,3517
state,32,all,rural,6348.13,3883
state,33,muslim,all,6875.29,687
state,33,muslim,urban,7211.27,537
state,33,muslim,rural,5689.68,150
state,33,hindu,all,6312.54,12980
state,33,hindu,urban,7486.53,5938
state,33,hindu,rural,5409.33,7042
state,33,all,all,6379.52,14492
state,33,all,urban,7495.06,7008
state,33,all,rural,5412.67,7484
state,34,muslim,all,7128.12,24
state,34,muslim,urban,7176.99,23
state,34,muslim,rural,5499.25,1
state,34,hindu,all,7574.54,977
state,34,hindu,urban,7816.43,638
state,34,hindu,rural,7113.38,339
state,34,all,all,7540.44,1077
state,34,all,urban,7769.37,718
state,34,all,rural,7074.74,359
state,35,muslim,all,8970.43,79
state,35,muslim,urban,9651.71,41
state,35,muslim,rural,8017.30,38
state,35,hindu,all,9205.98,740
state,35,hindu,urban,10781.56,269
state,35,hindu,rural,8155.97,471
state,35,all,all,8777.21,1000
state,35,all,urban,10243.36,359
state,35,all,rural,7776.44,641
state,36,muslim,all,6307.77,806
state,36,muslim,urban,6632.38,644
state,36,muslim,rural,5058.67,162
state,36,hindu,all,6711.79,5810
state,36,hindu,urban,8799.24,2488
state,36,hindu,rural,5405.65,3322
state,36,all,all,6646.92,6786
state,36,all,urban,8290.95,3215
state,36,all,rural,5372.65,3571
state,37,muslim,all,4370.15,413
state,37,muslim,urban,5742.14,156
state,37,muslim,rural,4186.41,257
state,37,hindu,all,6868.19,19
state,37,hindu,urban,6868.19,19
state,37,all,all,4626.41,720
state,37,all,urban,6658.50,360
state,37,all,rural,4249.54,360
