id	idno	repo	title
293	DDI-IND-NSO-ASUSE-Jan2025-Dec2025	ENT	Annual Survey of Unincorporated Sector Enterprises (ASUSE) : 2025 (January 2025 – December 2025)
292	DDI-IND-NSO-PLFS-Apr-Jun2025-to-Oct-Dec2025	PLFS	unit-level data of PLFS for quarterly (Apr-June 2025 to Oct-Dec 2025)
291	DDI-IND-NSO-PLFS-Apr2025-Dec2025	PLFS	unit-level data of PLFS for monthly (April to December 2025)
290	DDI-IND-NSO-HSCHealth80R-Jan2025-Dec2025	CEXP	Survey on Household Social Consumption:Health(Jan-Dec25)
284	DDI-IND-NSO-PLFS-Jan2025-Dec2025	PLFS	Periodic Labour Force Survey (PLFS),Calendar Year 2025 (Jan-Dec25)
277	DDI-IND-NSO-ASI-2019-20	ASI	Annual Survey of Industries 2019-20
275	DDI-IND-NSO-ASI-2020-21	ASI	Annual Survey of Industries 2020-21
256	DDI-IND-NSO-ASI-2023-24	ASI	Annual Survey of Industries 2023-24
255	DDI-IND-MOSPI-NSS-CMSE80-2025	OTH	Comprehensive Modular Survey on Education-NSS 80th Round-2025
254	DDI-IND-NSO-PLFS-2024-24	PLFS	Periodic Labour Force Survey (PLFS), Key Employment Unemployment Indicators for (January 2024 - December 2024)
239	DDI-IND-MOSPI-NSS-CMST80-2025	OTH	Comprehensive Modular Survey on Telecom-NSS 80th Round-2025
238	DDI-IND-MOSPI-NSS-ASUSE23-24	ENT	Annual Survey of Unincorporated Sector Enterprises (ASUSE) of 2023-2024
237	DDI-IND-MOSPI-NSS-HCES23-24	CEXP	Household Consumption Expenditure Survey: 2023-24
236	DDI-IND-NSO-TUS-2024-24	OTH	Time Use Survey (TUS), January 2024-December 2024
230	DDI-IND-NSO-UFS	OTH	Urban Frame Survey (UFS) Summary Data
224	DDI-IND-MOSPI-NSSO-HCES22-23	CEXP	Household Consumption Expenditure Survey: 2022-23
223	DDI-IND-CSO-TUS-2019-19	OTH	Time Use Survey (TUS), January 2019-December 2019
222	DDI-IND-MOSPI-NSSO-ASUSE2223	ENT	Annual Survey of Unincorporated Sector Enterprises (ASUSE) of 2022-2023
221	DDI-IND-MOSPI-NSSO-ASUSE2122	ENT	Annual Survey of Unincorporated Sector Enterprises (ASUSE) of 2021-2022
220	DDI-IND-MOSPI-NSSO-CAMS22-23	OTH	Comprehensive Annual Modular Survey (CAMS),NSS 79th round: 2022-23
218	DDI-IND-CSO-MIS-78-2020	OTH	Multiple Indicator Survey(MIS), NSS 78th Round
217	DDI-IND-CSO-PLFS-2019-20	PLFS	Periodic Labour Force Survey (PLFS), July 2019-June 2020
216	DDI-IND-CSO-PLFS-2018-19	PLFS	Periodic Labour Force Survey (PLFS), July 2018-June 2019
214	DDI-IND-CSO-PLFS-2021-22	PLFS	Periodic Labour Force Survey (PLFS), July 2021-June 2022
213	DDI-IND-CSO-PLFS-2023-24	PLFS	Periodic Labour Force Survey (PLFS), July 2023-June 2024
211	DDI-IND-CSO-PLFS-2022-22	PLFS	Periodic Labour Force Survey (PLFS), Calendar Year 2022 (Jan22 Dec22)
210	DDI-IND-CSO-PLFS-2022-23	PLFS	Periodic Labour Force Survey (PLFS), July, 2022- June,2023
209	DDI-IND-CSO-PLFS-2021-21	PLFS	Periodic Labour Force Survey (PLFS), Calendar Year 2021 (Jan21 Dec21)
208	DDI-IND-CSO-PLFS-2023-23	PLFS	Periodic Labour Force Survey (PLFS), Calendar Year 2023 (Jan23 Dec23)
206	DDI-IND-CSO-PLFS-2020-21	PLFS	Unit Level Data of Periodic Labour Force Survey (PLFS) July 2020-June 2021
205	DDI-IND-NSO-ASI-2022-23	ASI	Annual Survey of Industries 2022-23
204	DDI-IND-CSO-PLFS-2017-18	PLFS	Periodic Labour Force Survey (PLFS), July 2017-June 2018
188	DDI-IND-NSO-ASI-2021-22	ASI	Annual Survey of Industries 2021-22
157	DDI-IND-MOSPI-NSSO-77Rnd-Sch33.1-January2019-December2019	central	Land and Livestock Holding of Households and Situation Assessment of Agricultural Households)-JANUARY 2019 – DECEMBER 2019-Visit 1 and Visit 2 77th Round
156	DDI-IND-MOSPI-NSSO-77Rnd-Sch18.2-January2019-December2019	central	Debt and Investment 77th Round:JANUARY 2019 – DECEMBER 2019-Visit 1 and Visit 2
154	DDI-IND-MOSPI-NSSO-76Rnd-Sch26.0-July2018-December2018	central	Survey of Persons with Disabilities NSS 76th Round : July 2018 - December 2018
153	DDI-IND-MOSPI-NSSO-76Rnd-Sch1.2-July2018-December2018	central	Drinking Water, Sanitation, Hygiene and Housing Condition NSS 76th Round : July 2018- December  2018
152	DDI-IND-MOSPI-NSSO-75Rnd-Sch25.0-July2017-June2018	central	Household Social Consumption: Health, NSS 75th Round Schedule-25.0 :July 2017-June 2018
151	DDI-IND-MOSPI-NSSO-75Rnd-Sch25.2-July2017-June2018	central	Household Social Consumption: Education, NSS 75th Round Schedule-25.2 :July 2017-June 2018
150	DDI-IND-NSO-ASI-2018-19	ASI	Annual Survey of Industries 2018-19
149	IND-CSO-ASI-2017-18	ASI	Annual Survey of Industries 2017-18
148	DDI-IND-CSO-IIP	central	Index of Industrial Production (IIP) with Base year 2011-12
145	IND-CSO-ASI-2016-17	ASI	Annual Survey of Industries 2016-17
143	IND-CSO-ASI-2015-16	ASI	Annual Survey of Industries 2015-16
142	IDDI-IND-MOSPI-3-EC-1990	central	Third  Economic Census 1990
141	DDI-IND-MOSPI-NSSO-70th-Sch18dot1-visit1-2013	LLS	Land and Livestock Holdings Survey Visit 1,  January -July 2013
140	IND-CSO-TUS-1998-v1.0	OTH	Time Use Survey 1998
139	DDI-IND-MOSPI-NSSO-73Rnd-Sch2.34-July2015-June2016	ENT	Unincorporated Non-Agricultural Enterprises (Excluding Construction) - JULY 2015 - JUNE 2016
138	DDI-IND-MOSPI-NSSO-72Rnd-Sch21.1-July2014-June2015	OTH	Domestic Tourism Expenditure  - JULY 2014 - JUNE 2015
137	DDI-IND-MOSPI-NSSO-72Rnd-Sch1.5-July2014-June2015	CEXP	Household  expenditure on  Services  and  Durable  goods - JULY 2014 - JUNE 2015
136	IND-NSSO-SCES-2014-v1.0	OTH	Social Consumption - Education Survey 2014
135	DDI-IND-MOSPI-NSSO-71Rnd-Sch25pt0-Jan-June-2014	OTH	Social Consumption : Health, NSS 71st  Round : Jan - June 2014
134	DDI-IND-MOSPI-NSSO-70Rnd-Sch33-visit2-Jan-Dec2013	central	Situation Assessment survey of Agricultural households,  NSS 70th Round : Jan - Dec 2013 : Visit 2
133	IND-NSSO-SAS-2013-v1.0	central	Situation Assessment Survey of Agricultural Households, January - December 2013
132	DDI-IND-MOSPI-NSSO-70Rnd-Sch18pt2-Jan-Dec2013V2	central	Debt & Investment Visit 2 , Jan - Dec 2013
131	DDI-IND-MOSPI-NSSO-70th-Sch18dot1-visit2-2013	LLS	Land and Livestock Holdings Survey Visit 2 , August - December 2013
130	DDI-IND-MOSPI-NSSO-70Rnd-Sch18pt2-Jan-Dec20131	OTH	Debt & Investment, NSS 70th Round Visit-1: Jan - Dec 2013
129	DDI-IND-MOSPI-NSSO-69Rnd-Sch1dot2-2012	central	Drinking water, sanitation, hygiene and housing condition : NSS 69th Round : July 2012- Dec  2012
128	DDI-IND-MOSPI-NSSO-69Rnd-Sch-0dot21-2012	OTH	Urban Slums Survey, July 2012 - December 2012
127	DDI-IND-MOSPI-NSSO-68-10-2013	central	Employment and Unemployment, July 2011- June 2012
126	DDI-IND-MOSPI-NSSO-68Rnd-Sch2.0-July2011-June2012	central	Household Consumer Expenditure, NSS 68th Round Sch1.0 Type 2 : July 2011 - June 2012
125	IND-NSSO-SUNAE-2010-v1.0	ENT	Survey on Unincorporated Non-Agricultural Enterprises (Excluding Construction) July-June 2010-11
124	DDI-IND-MOSPI-NSSO-66-10-2011	central	Employment and Unemployment, July  2009 - June 2010
123	DDI-IND-NSSO-66-SCHEDULE-1.0T2	central	Household Consumer Expenditure, July 2009 - June 2010
122	DDI-IND-NSSO-66-SCHEDULE-1.0T1	central	Household Consumer Expenditure  Type-1, July 2009 - June 2010
121	IND-NSSO-DTS-2008-v1	central	Domestic Tourism Survey, July 2008 - June 2009
120	DDI-IND-MOSPI-NSSO-65Rnd-Sch1dot2-2008-09	central	Housing Condition Survey, July 2008- June  2009
119	DDI-IND-MOSPI-NSSO-65Rnd-Sch-0dot21-2008-09	central	Urban Slums Survey , July 2008- June  2009
118	Schedule 25.2	central	Participation and Expenditure in Education, 2007-08
117	IND-NSSO-EUMS-2007-v1	EUE	Employment, Unemployment and Migration Survey, July 2007 - June 2008
116	IND-NSSO-HCES-2007-v1	central	Household Consumer Expenditure Survey, July 2007-June 2008
115	IND-NSSO-SSI-2006-v1.0	OTH	Service Sector in India 2006-07
114	DDI-IND-MOSPI-NSSO-63Rnd-Sch1.0-2006-07	CEXP	Household Consumer Expenditure, NSS 63rd Round : July 2006 - June 2007
113	DDI-IND-MOSPI-NSSO-62nd-Sch10-2005-06	EUE	Employment and Unemployment Survey,  July 2005 - June 2006
112	DDI-IND-MOSPI-NSSO-62nd-Sch2dot2-LF-2005-06	central	Unorganised Manufacturing Enterprises Survey [List Frame], July 2005 - June 2006
111	DDI-IND-MOSPI-NSSO-62nd-Sch2dot2-AF-2005-06	central	Unorganised Manufacturing Enterprises Survey [AREA Frame]  : NSS 62nd Round : July 2005 - June 2006
110	DDI-IND-MOSPI-NSSO-62Rnd-Sch1.0-2005-06	CEXP	Household Consumer Expenditure, July 2005 - June 2006
109	DDI-IND-MOSPI-NSSO-61-12-2011	EUE	Employment and Unemployment, July 2004 - June 2005
108	DDI-IND-MOSPI-NSSO-61Rnd-Sch1-July2004-June2005	CEXP	Household Consumer Expenditure,  July 2004 - June 2005
107	IND-NSSO-SMHC-2004-v1.0	OTH	Survey on Morbidity and Health Care  January - June 2004
106	DDI-IND-MOSPI-NSSO-60th-Sch10-2004	EUE	Employment and Unemployment Survey, January 2004 - June 2004
105	DDI-IND-MOSPI-NSSO-60Rnd-Sch1-Jan-June2004	CEXP	Household Consumer Expenditure, Jan - June 2004
104	IND-NSSO-59Rnd-Sch33-SAF-2003	OTH	Situation Assessment Survey of Farmers, 2003
103	DDI-IND-MOSPI-NSSO-59Rnd-Sch18pt2-Jan-Dec2003	central	Debt & Investment, Jan - Dec 2003
102	DDI-IND-MOSPI-NSSO-59th-Sch18dot1-visit2-2003	central	Land and Livestock Holdings Survey Visit 2: NSS 59th Round : January - December 2003
101	DDI-IND-MOSPI-NSSO-59th-Sch18dot1-visit1-2003	LLS	Land and Livestock Holdings Survey Visit 1, January - December 2003
100	DDI-IND-MOSPI-NSSO-59Rnd-Sch1.0-2003	CEXP	Household Consumer Expenditure, Jan 2003 - Dec 2003
99	DDI-IND-MOSPI-NSSO-58Rnd-Sch26-July2002-Dec2002	OTH	Survey of disabled persons,  July 2002 - Dec 2002
98	IND-NSSO-58Rnd-Sch3.1-VF-2002	central	Village Facilities Survey , July 2002-December 2002
97	DDI-IND-MOSPI-NSSO-58Rnd-Sch1dot2-2002	central	Housing Condition Survey,  July - December 2002
96	DDI-IND-MOSPI-NSSO-58Rnd-Sch1.0-2002	CEXP	Household Consumer Expenditure,  July 2002 - Dec 2002
95	DDI-IND-MOSPI-NSSO-58Rnd-Sch-0dot21-2002	central	Urban Slums Survey, July - December 2002
94	IND-NSSO-57Rnd-Sch2.345-US-2002	central	Unorganised Service Sector: NSS 57th Round : July 2001-June 2002
93	DDI-IND-MOSPI-NSSO-57Rnd-Sch1.0-2001	CEXP	Household Consumer Expenditure, NSS 57th Round : July 2001 - June 2002
92	IND-NSSO-56-Rnd-Sch2.2-UM-2000-01	ENT	Unorganised Manufacture :  July 2000-June 2001
91	DDI-IND-MOSPI-NSSO-56Rnd-Sch1-July2000-June2001	central	Household Consumer Expenditure, July 2000 - June 2001
90	DDI-IND-MOSPI-NSSO-55Rnd-Sch10-and-10dot1-1999-2000	central	Employment and Unemployment Survey, July 1999 - June 2000
89	DDI-IND-MOSPI-NSSO-55Rnd-Sch2-1999-2000	ENT	Informal Non-Agricultural Enterprises Survey,  July 1999 - June 2000
88	DDI-IND-MOSPI-NSSO-55Rnd-Sch1-July1999-June2000	CEXP	Household Consumer Expenditure,  July 1999 - June 2000
87	IND-NSSO-CPRVF-1998-v01	central	Common Property Resources and Village Facilities, January - June 1998
86	DDI-IND-MOSPI-NSSO-54Rnd-Sch3pt3-Jan1998-June1998	central	Common Property Resources & Village Facilities, NSS 54th Round : Jan 1998 - June 1998
85	DDI-IND-MOSPI-NSSO-54Rnd-Sch1.0-1998	CEXP	Household Consumer Expenditure, Jan - June 1998
84	DDI-IND-MOSPI-NSSO-53Rnd-Sch2dot41dot2-1997	central	Trade Survey , January 1997 - December 1997
83	DDI-IND-MOSPI-NSSO-53Rnd-Sch1.0-1997	CEXP	Household Consumer Expenditure, Jan - Dec 1997
82	IND-MOSPI-NSSO-NSS-52-25.2-1995-V2.	central	Participation in Education,  July 1995 - July 1996
81	IND-NSSO-SHC-1995-v2.1	central	Survey on Health Care  July - June 1995-96
80	DDI-IND-MOSPI-NSSO-52Rnd-Sch1.0-1995	central	Household Consumer Expenditure, July 1995 - June 1996
79	IND-NSSO-51-Rnd-Sch2.2-UM-1995	ENT	Unorganised Manufcture, July 1994-June 1995
78	DDI-IND-MOSPI-NSSO-51Rnd-Sch1.0-1994	CEXP	Household Consumer Expenditure,July 1994 - June 1995
77	DDI-IND-MOSPI-NSSO-50Rnd-Sch10-1993-94	central	Employment and Unemployment Survey, July 1993 - June 1994
76	DDI-IND-MOSPI-NSSO-50Rnd-Sch1.0-1993-94	central	Household Consumer Expenditure, July 1993 - June 1994
75	DDI-IND-MOSPI-NSSO-49Rnd-Sch1dot2-1993	central	Housing Condition and Migration Survey, January - June 1993
74	DDI-IND-MOSPI-NSSO-49Rnd-Sch1.0-1993	CEXP	Household Consumer Expenditure, Jan - June 1993
73	IND-NSSO-SS-1993-v1.0	central	Slums Survey  January - June 1993
72	DDI-IND-MOSPI-NSSO-48Rnd-Sch18dot1-visit2-1992	LLS	Land and Livestock Holdings Survey: NSS 48th Round : January - December 1992:Visit-2
71	DDI-IND-MOSPI-NSSO-48Rnd-Sch18dot1-visit1-1992	LLS	Land and Livestock Holdings Survey: NSS 48th Round : January - December 1992:Visit-1
70	IND-NSSO-DIS-1992-v1	OTH	Debt and Investment Survey, January - December 1992, NSS 48th Round
69	DDI-IND-MOSPI-NSSO-48Rnd-Sch1.0-1992	CEXP	Household Consumer Expenditure, Jan - Dec 1992
68	IND-NSSO-SLC-1991-v1.0	OTH	Survey on Literacy and Culture  July-December 1991
67	IND-NSSO-DMCS-1991-v1	OTH	Developmental Milestones of Children Survey, July - Decemer 1991
66	IND-NSSO-SDP-1991-v1.0	central	Survey of Disabled Persons , July-Dec 1990
65	IND-NSSO-47Rnd-Sch3.1-VF-1991	central	Village Facilities Survey ,July - December 1991, NSS 47th Round
64	DDI-IND-MOSPI-NSSO-47Rnd-Sch1.0-1991	CEXP	Household Consumer Expenditure,  July - Dec 1991
63	IND-NSSO-TS-1990-91-v1.0	ENT	Trade Survey: July-June 1990-91
62	DDI-IND-MOSPI-NSSO-46Rnd-Sch1.0-1990	CEXP	Household Consumer Expenditure, July 1990 - Jun1991
61	IND-NSSO-45-Rnd-Sch2.2.2-UM-1989-90	ENT	Unorganised Manufacture,July 1989-June 1990
60	DDI-IND-MOSPI-NSSO-45Rnd-Sch1.0-1989	CEXP	Household Consumer Expenditure,  July 1989 - June 1990
59	IND-NSSO-SMOLNTTA-1988-v1.0	central	Survey on Migration and Ownership of Land by Non-Tribals in Trible Area July-June 1988-89
58	IND-NSSO-EAT-1988-v1	central	Economic Activities of the Tribals, July 1988-June 1989
57	IND-NSSO-SLLT-1988-v1.0	central	Survey on Level of Living of TRIBALS July-June 1988-89
56	IDDI-IND-MOSPI-4-EC-1998	central	Fourth  Economic Census 1998
55	DDI-IND-MOSPI-NSSO-43Rnd-Sch10-1987-88	central	Employment and Unemployment Survey: NSS 43rd Round : July 1987 - June 1988
54	DDI-IND-MOSPI-NSSO-43Rnd-Sch1.0-1987	central	Household Consumer Expenditure, July 1987 - June 1988
53	IND-NSSO-42ndRnd-Sch27-APS-1986-87	central	Persons Aged 60 Plus Survey: NSS 42nd Round Schedule 27  (1986-87)
52	IND-NSSO-42ndRnd-Sch25.7-UMS-1986-87	central	Survey on  Utilisation of Medical Services ,   July 1986 - June 1987
51	IND-NSSO-SPE-1986-v1.0	central	Survey on Participation in Education July-June 1986-87
50	IND-NSSO-SMCCFPUPDS-1986-v1.0	OTH	Survey on Maternity,Child Care,Family Planning and Utilisation of Public Distribution System July-June 1986-87
49	DDI-IND-MOSPI-NSSO-38Rnd-Sch10-1983	EUE	Employment and Unemployment Survey, January to December, 1983
48	DDI-IND-MOSPI-NSSO-38Rnd-Sch1.0-1983	CEXP	Household Consumer Expenditure, January-December, 1983
47	DDI-IND-MOSPI-6-EC-2013-14	central	Sixth Economic Census 2013-14
46	IDDI-IND-MOSPI-5-EC-2005	central	Fifth Economic Census  2005
45	IND-CSO-ASI-SUMMARY-94-95	central	Annual Survey of Industries Summary 1994-95
44	IND-CSO-ASI-SUMMARY-93-94	central	Annual Survey of Industries Summary 1993-94
43	IND-CSO-ASI-SUMMARY-92-93	central	Annual Survey of Industries Summary 1992-93
42	IND-CSO-ASI-SUMMARY-91-92	central	Annual Survey of Industries Summary 1991-92
41	IND-CSO-ASI-SUMMARY-90-91	central	Annual Survey of Industries Summary 1990-91
40	IND-CSO-ASI-1989-90-v1	central	Annual Survey of Industries 1989-90
39	IND-CSO-ASI-SUMMARY-88-89	central	Annual Survey of Industries Summary 1988-89
38	IND-CSO-ASI-SUMMARY-87-88	central	Annual Survey of Industries Summary 1987-88
37	IND-CSO-ASI-SUMMARY-86-87	central	Annual Survey of Industries Summary 1986-87
36	IND-CSO-ASI-SUMMARY-85-86	central	Annual Survey of Industries Summary 1985-86
35	IND-CSO-ASI-SUMMARY-84-85	central	Annual Survey of Industries Summary 1984-85
34	IND-CSO-ASI-SUMMARY-83-84	central	Annual Survey of Industries Summary 1983-84
33	IND-CSO-ASI-SUMMARY-82-83	central	Annual Survey of Industries Summary 1982-83
32	IND-CSO-ASI-SUMMARY-81-82	central	Annual Survey of Industries Summary 1981-82
31	IND-CSO-ASI-SUMMARY-80-81	central	Annual Survey of Industries Summary 1980-81
30	IND-CSO-ASI-SUMMARY-79-80	central	Annual Survey of Industries Summary 1979-80
28	IND-CSO-ASI-SUMMARY-77-78	central	Annual Survey of Industries Summary 1977-78
27	IND-CSO-ASI-SUMMARY-76-77	central	Annual Survey of Industries Summary 1976-77
26	IND-CSO-ASI-2013-14	ASI	Annual Survey of Industries 2013-14
25	IND-CSO-ASI-2012-13	ASI	Annual Survey of Industries 2012-13
24	IND-CSO-ASI-2011-12-v1	ASI	Annual Survey of Industries 2011-12
23	IND-CSO-ASI-2010-11-v1	ASI	Annual Survey of Industries 2010-11
22	IND-CSO-ASI-2009-10-v1	ASI	Annual Survey of Industries 2009-10
21	IND-CSO-ASI-2008-09-v1	ASI	Annual Survey of Industries 2008-09
20	IND-CSO-ASI-2007-08-v1	ASI	Annual Survey of Industries 2007-08
19	IND-CSO-ASI-2006-07-v1	ASI	Annual Survey of Industries 2006-07
18	IND-CSO-ASI-2005-06-v1	ASI	Annual Survey of Industries 2005-06
17	IND-CSO-ASI-2004-05-v1	ASI	Annual Survey of Industries 2004-05
16	IND-CSO-ASI-2003-04-v1	ASI	Annual Survey of Industries 2003-04
15	IND-CSO-ASI-2002-03-v1	ASI	Annual Survey of Industries 2002-03
14	IND-CSO-ASI-2001-02-v1	ASI	Annual Survey of Industries 2001-02
13	IND-CSO-ASI-2000-01-v1	ASI	Annual Survey of Industries 2000-01
12	IND-CSO-ASI-1999-2000-v1	ASI	Annual Survey of Industries 1999-2000
11	IND-CSO-ASI-1998-99-v1	ASI	Annual Survey of Industries 1998-99
10	IND-CSO-ASI-1997-98-v1	ASI	Annual Survey of Industries 1997-98
9	IND-CSO-ASI-1996-97-v1	ASI	Annual Survey of Industries 1996-97
8	IND-CSO-ASI-1994-95	ASI	Annual Survey of Industries 1994-95
7	IND-CSO-ASI-1993-94-v1	central	Annual Survey of Industries 1993-94
6	IND-CSO-ASI-1989-90	central	Annual Survey of Industries 1989-90
5	IND-CSO-ASI-1984-85-v1	central	Annual Survey of Industries 1984-85
4	IND-CSO-ASI-1983-84-v1	central	Annual Survey of Industries 1983-84
3	IND-CSO-ASI-1974-v1	central	Annual Survey of Industries Summary 1974-75
2	IND-CSO-ASI-2014-15	ASI	Annual Survey of Industries 2014-15
1	DDI-IND-MOSPI-NSSO-68Rnd-Sch1.0-July2011-June2012	central	Household Consumer Expenditure, Type 1 : July 2011 - June 2012
